1724;2020
1516;1650
1545;1709
315;1042
2087;2701
24;1829
1968;2786
2483;2808
1687;2933
2214;2320
1292;1507
1486;2262
1906;2061
230;1042
2160;2730
1977;2565
2458;2601
596;871
2121;2769
144;760
2071;2143
1685;2678
1259;1954
32;77
1575;2674
40;968
708;1055
1616;2200
1980;2777
47;143
1041;1156
1389;1708
60;780
1177;1860
319;1039
69;2232
547;1116
71;138
442;2410
2372;2467
1811;2374
2137;2834
1226;2306
1344;2801
822;988
589;1023
238;1175
1034;1116
73;1575
183;2622
2384;2736
1631;2311
926;942
2333;2409
1226;1612
2004;2187
592;1084
1212;1583
2124;2884
918;1702
85;1169
1519;2958
1615;2762
852;2222
2350;2463
184;914
1434;1664
119;950
724;788
1477;1970
416;1809
505;1442
304;1168
2701;2760
1405;2905
1946;2663
1633;2113
2709;2969
288;1371
215;368
2309;2553
71;1004
111;835
112;739
2587;2905
388;750
867;917
48;123
2156;2576
492;810
682;758
1540;2857
1015;1194
864;876
183;500
1308;1409
2044;2947
2012;2489
1928;2658
209;234
2123;2812
175;1153
1915;2535
147;204
1951;2679
2071;2348
275;2775
371;618
618;745
1494;2718
1953;2167
2361;2776
1254;1994
522;915
1741;2288
528;1116
218;362
2492;2701
1257;2579
1855;2560
2037;2733
1363;1726
1557;1774
671;1131
513;1369
2547;2575
1891;2921
2031;2568
1277;1677
335;1170
319;569
291;740
2329;2441
230;773
1833;2932
32;216
1320;1653
2137;2745
437;991
2092;2480
1997;2698
2536;2618
1883;2070
195;773
1553;2310
2089;2658
304;599
247;553
867;1097
2510;2965
2323;2778
1606;2040
1247;1757
1229;1562
2343;2471
1965;2854
136;979
33;873
1718;2274
274;961
1381;2957
145;564
1609;2282
2508;2893
1531;2646
2580;2815
1232;1291
1874;1878
1606;2045
1294;1511
1610;1740
180;957
792;1505
869;2342
806;808
509;936
2685;2899
366;787
971;1119
1760;1991
2483;2533
2016;2481
2597;2645
2257;2382
1711;2188
1959;2414
245;783
2160;2437
325;1099
715;1059
690;1075
212;363
2431;2777
725;1158
2373;2583
898;1060
491;1040
1506;2793
139;1160
1644;2656
49;964
2037;2832
1305;2255
1470;1715
137;147
2780;2864
1639;1845
290;595
402;553
2624;2841
1212;2602
463;608
2001;2384
4;84
557;768
446;705
2202;2717
826;867
131;363
1802;2194
1585;2274
97;1317
766;2673
1229;1715
483;2096
252;903
1656;2377
1964;2178
1486;2762
256;1183
252;1066
1330;1860
522;1134
153;961
2344;2472
504;811
964;1099
1733;2793
1451;2431
2101;2268
533;735
348;795
205;958
222;996
1183;1185
1264;1556
2119;2137
617;1163
801;1116
1344;1694
2239;2624
2376;2537
1775;1997
1335;2128
1871;2050
124;528
608;1005
1403;2758
497;674
2580;2803
1066;1078
16;914
2667;2951
242;758
2308;2342
167;1505
228;933
2305;2672
2886;2943
1580;1619
1417;2781
2004;2695
572;622
1586;2344
635;738
1545;2777
735;1781
1488;1546
668;2544
2102;2729
677;858
2082;2681
1542;2263
2089;2483
1634;1941
1464;2558
1466;1620
2463;2953
2589;2826
1288;1408
384;722
1841;2008
377;929
142;777
1638;2021
1316;1329
273;831
1506;1975
2451;2819
406;637
1756;1767
639;1067
1750;2105
2379;2661
1837;2254
61;937
479;494
562;590
2582;2789
2305;2383
2029;2662
111;1063
2812;2816
499;769
423;663
1298;2497
1739;2029
1682;1952
1389;1407
436;1570
64;454
1851;2736
299;794
2301;2862
2882;2917
1933;2474
2107;2141
0;2785
390;978
1664;2521
1614;1721
1212;1941
2568;2728
1893;2362
1083;2312
2058;2450
1463;1656
1238;1336
507;959
2354;2721
2384;2547
2151;2659
314;925
611;641
1235;1595
2249;2812
379;753
16;879
1889;2269
1884;2888
1251;2341
724;983
1543;2304
374;856
1840;1878
297;1335
168;713
759;771
2239;2541
1577;2054
1952;2914
2604;2772
2199;2640
2237;2333
1841;2728
1365;2564
2776;2968
1397;2406
2068;2660
1576;2137
60;848
2291;2833
621;721
409;2688
255;983
1272;1463
2007;2624
1855;2718
591;677
301;2563
419;1184
1999;2463
1838;2843
249;1659
1872;2069
2353;2764
84;874
268;952
2383;2672
1889;2870
1440;1561
1470;2333
518;674
1217;1449
333;936
2044;2599
2086;2572
361;883
1812;2448
291;600
1467;1953
347;884
793;1106
1330;1371
212;446
1733;2959
43;1080
908;936
31;555
2662;2746
1584;2429
2363;2515
316;451
653;1020
1149;2637
1334;1501
1314;2786
455;520
2247;2254
62;698
1248;1721
1939;2138
94;1182
76;1126
1212;1576
1397;2788
1490;1862
2014;2341
1058;1154
1738;2784
468;484
825;1053
759;1104
1341;2557
353;1662
413;1366
1467;2635
631;1050
1092;2290
1421;1834
2170;2173
500;2288
271;525
2052;2757
225;475
1803;2819
2123;2816
1949;2798
692;1097
2058;2881
71;1148
685;896
2261;2362
1979;2030
1408;1721
2059;2665
1536;2381
2002;2801
980;1127
785;1175
217;629
1280;1635
226;1533
2570;2763
2288;2622
898;1089
588;1695
2490;2942
2793;2917
908;1066
12;803
255;1063
1346;1778
1675;2312
1517;2127
651;764
2599;2910
929;1010
18;179
2781;2864
1422;1718
1226;1227
507;859
2044;2839
2037;2653
2655;2968
433;761
1372;1696
1795;2668
1308;2188
1825;2334
536;554
1271;1790
708;1148
2582;2733
31;745
1432;1636
326;1603
26;491
373;976
2095;2417
2369;2453
1601;1752
347;961
4;294
2435;2573
1227;2306
2395;2489
1300;1470
623;829
1212;2030
2726;2810
2142;2573
1299;2803
801;853
1226;1566
149;705
276;1185
2285;2555
2081;2707
2816;2858
2023;2300
2237;2832
250;577
432;1598
308;1121
2350;2488
1626;2825
2072;2169
135;144
1815;2369
1905;2190
76;872
1837;2913
226;1117
1160;2477
2106;2839
397;1082
2386;2567
291;383
1731;2743
319;341
237;588
330;1150
991;1043
1642;1773
617;950
1851;2547
871;1017
125;247
2102;2581
2193;2767
1225;2164
1378;1406
1608;1887
2321;2730
1448;2856
1545;2462
1404;1486
2321;2579
1089;1374
1450;2850
42;511
284;336
433;938
2632;2827
1322;1528
2685;2702
1629;1689
53;270
898;915
2130;2256
211;779
414;721
883;1196
330;788
1085;1208
1620;1737
174;605
1936;2234
821;2798
2556;2916
1759;1832
239;1081
333;880
2320;2849
1827;2364
479;867
1433;1941
995;1016
2432;2842
196;915
1668;2817
1298;1989
1951;2020
2101;2218
2416;2740
2124;2301
2149;2490
588;712
1046;2257
1334;1413
550;660
1824;2507
1833;2323
1247;1601
2617;2653
1161;1390
1412;1734
520;598
1218;1557
1555;2146
16;245
2184;2535
1801;2120
44;291
1577;1959
1866;2024
111;789
459;1088
559;637
11;59
2098;2585
1066;1079
1570;2459
2694;2865
1951;2058
1385;2119
799;1671
1817;2290
2369;2486
456;2077
1408;2057
1652;2226
380;984
1488;1547
1619;2097
1964;2670
1418;1834
1811;1873
122;643
690;945
1538;2359
604;815
1478;2370
2270;2547
1927;2443
629;652
1874;2005
175;1208
1436;1545
2102;2835
1888;2662
35;1126
2475;2799
1430;1727
319;658
1394;1826
1470;2455
1626;2121
352;849
1177;2400
1943;2636
2407;2557
2137;2793
1345;2143
254;1036
1836;2164
522;650
347;1095
2383;2749
1936;2613
1238;1917
1398;1724
1277;1573
123;704
2403;2764
18;812
79;693
2691;2955
83;686
2301;2861
1722;2385
335;460
1404;1567
1381;2705
2420;2900
2313;2486
1963;2230
2268;2816
270;1204
490;502
1342;1400
148;592
1746;2765
1932;2764
1821;2237
10;593
2004;2497
2408;2411
1348;2929
223;2897
1177;1371
496;954
2086;2447
749;865
2372;2612
2170;2292
2569;2639
2042;2355
194;692
2406;2612
1323;1403
1105;1114
1833;2833
174;497
324;422
648;2732
1625;1740
281;493
1572;1721
1955;2611
175;905
657;1914
2184;2672
1220;2187
1371;2145
2247;2639
2431;2482
1967;2601
1272;1754
369;373
258;886
1343;1687
1597;2948
2390;2901
2075;2711
113;872
241;307
1255;1280
1253;1638
2466;2856
1763;2561
86;933
269;1787
2530;2723
169;959
1658;2733
1169;1390
247;402
284;408
125;1318
548;809
421;2085
1023;1033
1029;1702
1339;2546
2217;2435
540;713
2211;2901
2483;2968
1808;2002
785;1671
1949;2367
2369;2520
1854;1981
647;1049
1285;2542
153;749
319;1208
2161;2764
265;735
1737;2533
111;1082
1271;1674
1252;2518
932;1676
1916;2561
1298;2741
987;1117
987;992
291;953
2367;2834
2107;2168
615;728
317;885
2565;2899
569;1024
1265;1891
1324;1392
1522;2942
1760;1923
2502;2958
121;221
158;570
1226;1610
788;981
368;1374
420;497
142;481
2129;2178
279;430
1215;1299
1469;1935
185;745
404;845
1662;1708
2164;2956
853;1178
2016;2266
708;1779
2301;2876
2663;2797
2090;2702
1997;2843
1265;1455
336;408
2369;2838
101;359
285;352
687;2364
1813;1892
1104;1146
2588;2727
2119;2519
236;1229
2243;2594
174;1051
120;462
1371;1573
2218;2463
318;474
1483;2532
264;1527
1376;1556
125;820
275;1841
73;841
255;1105
60;885
2358;2502
290;730
1837;1846
2205;2641
888;1501
2522;2775
2368;2660
489;938
2252;2640
97;1085
69;771
2647;2730
296;933
2252;2727
207;661
461;1066
2620;2727
43;557
320;342
1980;2815
268;654
1410;1513
143;766
2550;2618
2544;2684
754;1366
778;955
2238;2247
628;859
1579;2621
208;1126
689;745
2179;2954
1740;2310
1791;1877
1611;2611
193;2239
2388;2824
1943;1961
1597;1921
788;1001
1383;2204
300;835
488;547
1902;2416
589;707
2076;2218
2292;2375
2408;2689
1019;1194
1211;2116
361;452
2635;2869
487;700
214;1116
308;1041
1944;2546
3;690
202;1058
644;1949
190;451
2619;2639
1221;2541
875;1533
453;687
2369;2588
2019;2800
384;2302
2471;2966
1315;1617
46;982
86;771
1228;1954
1866;2149
1343;2055
2589;2856
550;1126
125;554
1604;2609
1262;2005
401;506
110;116
1412;1492
95;736
1794;1968
268;878
1532;2667
53;156
346;918
2497;2894
1512;2367
1978;2628
1924;1956
877;959
1424;2765
291;1176
2720;2934
443;1377
1328;1733
799;1028
1835;2530
1226;1260
2887;2898
1480;2292
1775;2602
493;2163
429;735
319;607
1372;1669
1550;2282
278;2232
127;1778
775;1196
2419;2471
2582;2638
161;966
1789;2851
477;868
2002;2586
1243;1917
2161;2917
1516;2683
1252;2021
1515;1665
247;527
725;2603
2096;2663
2020;2502
204;706
448;820
530;1870
1775;2848
679;1031
2203;2406
131;809
2218;2790
1850;2781
1413;1534
1677;2145
2515;2601
1806;2687
2408;2463
1486;1615
1411;2237
884;997
634;716
1538;2800
1281;1369
2616;2638
702;937
430;576
336;369
79;475
691;1033
1428;2134
2579;2919
1867;2370
772;846
2317;2495
270;567
2331;2743
1790;1793
1013;1071
2324;2617
1244;2749
1944;2075
468;1088
2776;2861
1728;2218
1891;2598
1440;1954
1823;2191
329;955
1270;1272
1412;1480
1326;1426
285;312
1297;1364
1259;1693
2075;2476
1227;1531
1548;1675
1763;2749
1835;2481
1673;1746
1825;1999
664;881
1441;1990
2268;2350
639;761
1841;2929
723;1330
166;1863
754;2235
1693;1891
361;806
2334;2488
144;810
1977;2218
2127;2275
2191;2206
2341;2573
999;2739
290;1081
594;735
2343;2571
2020;2143
2608;2968
670;1176
174;971
2268;2962
911;1174
1599;2053
2433;2833
2212;2701
464;1147
450;1186
2724;2901
1269;1799
573;2012
192;277
2015;2578
1647;2430
2316;2849
154;741
1928;2238
8;1139
563;1507
564;1096
959;1140
875;889
54;830
1926;2792
2049;2842
1212;1833
101;127
6;844
1368;1586
2281;2733
1487;1688
1801;1807
716;1101
1104;2755
1919;2153
427;950
409;679
1737;1789
453;726
1861;2812
2499;2545
2690;2911
2661;2819
251;667
360;1686
401;672
1234;2864
1704;1736
2159;2599
251;776
121;2595
2641;2792
2218;2379
424;1026
56;249
1661;2209
1015;1019
1334;2593
365;683
1228;1736
2463;2812
2614;2900
898;1181
2235;2677
27;441
32;465
875;943
1401;2593
1212;1408
1212;2796
629;1074
2285;2624
1476;1565
500;1146
1883;2913
931;1196
804;934
571;917
2058;2128
680;1152
1770;2684
1821;2935
1427;2764
514;719
148;1073
517;990
224;2043
1088;2880
134;808
1980;2891
262;790
111;1194
203;279
650;1134
1472;1930
1921;2463
1143;1668
2824;2881
1851;2639
62;553
2304;2445
178;474
469;553
2290;2738
1801;2290
1092;1817
159;2282
592;1073
1416;1431
1435;2455
1284;2159
2294;2460
189;1200
564;1068
2238;2807
521;983
1928;2089
683;1114
2933;2943
2243;2894
1404;2016
1814;2193
1898;2082
1504;1590
479;680
244;291
1478;1926
1600;1716
1610;2310
106;460
1969;2259
1029;1204
1588;2311
1989;2330
23;1071
479;569
132;1026
427;914
2191;2414
216;1203
337;571
392;458
1356;2840
1493;2788
1508;2211
2314;2615
419;711
1491;1707
1959;2516
489;655
2155;2954
1341;2689
268;843
438;1079
2445;2548
2334;2934
1952;2525
2681;2768
1380;1564
1888;2607
587;764
232;2282
143;426
438;1070
2277;2414
1830;2050
1108;1158
2406;2712
1560;2817
851;919
346;725
25;1892
1097;1110
618;1133
1834;2099
407;1570
2534;2878
305;1043
1986;2638
2195;2357
524;1077
268;655
2024;2872
2629;2700
407;2894
2449;2897
508;2590
247;554
1830;2433
451;1057
76;1190
626;1649
792;995
556;1156
1664;2517
1610;2924
1297;2734
158;1208
2111;2364
825;2083
2183;2746
2323;2799
2225;2369
892;899
269;870
203;1210
2170;2891
60;1901
136;933
1501;2288
345;1117
202;682
250;1005
306;636
1400;2188
145;954
383;638
2087;2237
79;337
1080;1118
2149;2952
2311;2426
346;416
261;2221
1292;1939
1077;1407
245;1002
1665;2823
1480;2651
592;615
2234;2613
2364;2660
1565;2610
2295;2632
1500;2025
164;2894
933;1172
560;2336
2827;2950
1518;1789
1078;2590
476;1188
1093;1515
307;578
1560;1976
1289;2270
1735;2705
2525;2809
1643;1721
1299;2069
407;2035
1404;2623
1846;2690
1573;2506
2920;2956
438;1179
556;774
428;1125
889;1147
2655;2776
1865;2948
142;931
2157;2626
2106;2850
38;208
1521;2601
5;425
2223;2388
2830;2852
17;331
1517;1562
1713;1793
2031;2601
2744;2875
1747;1970
1844;2508
1507;2669
230;906
2488;2501
2117;2131
2392;2670
278;2088
1656;2380
2016;2792
1426;2484
451;2595
1587;2195
1550;2053
1158;2399
355;488
1901;2919
744;2941
677;1905
2415;2416
244;816
2142;2543
122;340
2684;2770
526;2116
2131;2842
2042;2838
2082;2804
2197;2206
1313;1692
2028;2557
2060;2474
788;910
649;1088
242;1132
2502;2918
1670;2442
603;1197
2786;2873
2304;2542
2359;2584
1610;1660
387;403
565;1049
754;1462
2826;2955
61;1086
1357;2873
1362;1948
2312;2460
1378;1615
1397;2157
2193;2447
104;750
869;1540
341;655
163;983
721;865
663;898
956;1672
1996;2610
1869;2876
1320;1351
253;324
588;1987
2486;2902
431;611
1811;2811
1490;2586
2259;2505
1786;2385
1979;2594
1814;1902
1448;2864
1174;2232
68;525
1178;1534
1291;2741
595;1056
978;1128
207;814
1959;2242
2268;2488
2740;2839
1634;1811
557;1060
423;946
179;438
566;787
145;250
84;505
2261;2582
2454;2631
990;1021
1736;1769
1233;2136
2216;2421
1997;2814
1955;2449
361;1113
200;1113
2059;2474
1471;1991
2127;2274
1863;2595
248;625
339;794
2427;2828
1485;1767
481;509
2502;2577
1444;2292
1083;2460
1521;2031
163;345
1376;1670
1338;2754
127;1017
1589;1831
479;1024
425;615
33;1146
2025;2581
741;2322
332;1042
245;287
35;113
2200;2536
2254;2911
1388;1678
2058;2888
550;995
1232;1238
976;1428
338;1909
525;735
2265;2871
2545;2955
2757;2794
292;582
1018;1174
1017;1593
175;907
1885;2860
2438;2967
129;807
56;1281
2181;2210
997;1000
1387;1680
2685;2953
1419;1705
811;860
994;1098
445;566
392;446
2460;2542
2009;2582
1411;2789
170;255
1367;2812
1847;2230
1289;2070
1381;2424
462;1006
1146;2674
382;1153
1912;2098
562;1132
619;1346
1331;1412
859;1779
1372;1576
1130;1882
1470;2009
463;549
1630;1927
1824;2899
1718;2211
127;456
316;2109
1731;2868
11;1277
1532;1813
845;1182
1731;2245
1660;1765
1441;1731
1669;2027
222;246
492;2181
31;532
1905;2395
2585;2803
2533;2770
70;85
1824;2438
1475;2738
740;853
546;814
412;984
1478;2963
1830;2372
2735;2774
697;894
202;292
167;1126
2276;2846
33;818
1810;2192
641;691
75;1115
314;2289
1321;2021
2528;2658
323;2149
1980;2431
568;1064
1300;2009
767;850
2245;2763
521;982
938;1170
176;949
1409;1831
1419;2150
646;1522
1409;2188
2596;2801
1788;2582
1375;1919
1175;1673
2003;2380
267;2680
482;1112
532;592
1292;1742
1711;2292
7;806
1226;2886
1780;2337
1595;2439
1244;1839
2057;2327
853;1613
96;1050
1088;1681
1229;1743
1235;2909
297;1603
896;1122
2483;2776
781;817
192;1099
1458;2652
2672;2863
255;1056
1310;1688
463;1079
1986;2733
1303;2741
620;659
1349;1915
268;938
1216;1308
535;996
2642;2733
632;807
2229;2427
2659;2918
455;2257
230;1007
382;570
825;1553
57;639
260;804
779;796
1333;1693
445;480
137;1591
2096;2798
2474;2812
191;1121
1958;2867
2304;2555
1930;2000
18;645
226;352
154;453
382;906
637;770
178;511
533;711
2042;2291
1824;2466
61;402
230;299
1138;1208
2151;2502
1653;1783
127;945
610;1084
14;907
2477;2615
711;1184
1102;2942
1247;1292
525;2289
2596;2615
1481;1675
698;843
2124;2606
1736;2791
242;639
1219;1767
2377;2380
2592;2666
157;486
763;1015
31;477
127;612
2415;2944
2721;2809
46;762
2135;2305
2032;2097
1417;2725
2075;2946
1238;1633
675;1155
1822;2028
101;234
1276;1470
2177;2629
32;1203
110;280
1284;1531
419;533
1658;2462
175;1072
253;272
310;985
526;697
373;1143
290;653
885;1200
2292;2789
50;1037
424;566
1813;2563
1219;2251
1409;2757
2394;2745
2500;2617
53;267
700;986
573;1296
1371;2336
14;158
209;662
290;376
644;2096
54;449
163;1061
661;814
2686;2701
1548;2542
62;309
447;1033
265;533
731;934
2095;2795
196;926
1478;2734
753;819
1575;1613
355;491
174;941
1516;2436
878;917
1986;2276
210;641
2777;2846
343;959
2220;2697
2459;2834
479;1071
1605;2035
545;1061
455;930
1594;2640
625;731
1828;2038
1212;2882
2175;2557
136;834
472;1158
1291;1633
480;485
1299;1342
291;399
867;1132
2272;2607
2066;2821
28;1014
1558;1636
1745;2948
442;1936
230;1069
2447;2954
1978;2082
360;392
297;2135
1824;1852
2494;2763
339;1042
431;610
1825;2949
2192;2601
219;460
553;1532
259;1129
1850;2379
2483;2787
85;491
909;1055
848;2919
642;698
2167;2868
293;687
979;1172
373;1389
434;503
363;551
1384;2903
386;626
1945;2840
2146;2549
1444;2609
1348;2458
1854;1924
96;957
1664;1792
2482;2914
1142;1649
793;1146
192;939
1906;2726
196;867
2155;2447
438;672
1454;1564
499;946
1498;1684
2036;2808
1824;2332
1557;2333
1288;2834
57;942
2207;2282
1669;2055
1626;2619
1787;1839
2475;2954
1605;2007
2071;2776
1973;1988
603;996
2071;2219
2433;2548
2487;2745
1245;2623
2343;2929
575;949
661;1917
2752;2885
1235;2364
1448;1755
1353;2329
2312;2489
2307;2617
2639;2776
4;1107
2151;2733
147;624
1128;1190
1315;1690
375;903
1486;2386
789;1019
1800;2486
1448;2900
2516;2887
1802;1879
970;1184
1621;2739
64;1083
2509;2623
525;866
2389;2464
2130;2168
2052;2224
1436;2333
539;1034
1614;2415
485;566
2614;2858
259;2459
350;908
263;1135
193;2007
2185;2431
1430;1481
41;267
1252;2947
666;1066
1834;2141
2488;2720
837;1091
1;949
950;1196
631;984
1968;2226
710;2085
545;1013
1991;2702
549;965
970;1606
2089;2569
2293;2534
247;901
88;247
1601;1633
2452;2864
2748;2942
1263;1525
1565;2167
1344;2661
71;347
606;955
1452;1749
438;857
2719;2789
364;2286
242;1058
284;1143
1827;2869
619;1689
1282;2449
1588;1665
1422;1453
2676;2845
1404;2018
872;1171
2228;2323
1270;1739
2701;2900
1856;2333
1348;2853
1303;2066
494;971
376;861
1376;1882
1430;1871
1261;1437
1015;1185
175;942
509;880
257;373
1370;1591
604;867
1534;2006
1840;2752
2041;2530
559;1157
1944;2133
656;940
1904;2888
326;1128
186;695
354;533
461;463
1906;2267
2638;2701
195;319
363;705
1430;1675
1585;2446
268;1024
2259;2801
118;452
1829;1908
2130;2922
700;934
2087;2915
415;933
261;1487
190;723
2582;2721
1544;1754
2268;2412
382;571
1450;2021
756;1080
1992;2629
1356;1555
123;653
1416;1736
845;1042
1764;1848
278;1863
1281;2782
69;2088
7;1193
417;931
1498;2228
71;506
2774;2874
560;1309
1839;2751
2378;2648
374;681
911;1224
378;676
2418;2529
533;542
671;712
1466;2484
2154;2343
511;598
2536;2906
593;1048
2750;2800
878;1099
2330;2856
202;571
1948;2458
2447;2574
2541;2624
474;667
1212;2461
295;347
479;654
150;442
1478;2016
1497;2593
367;2921
2504;2827
227;1442
2746;2754
857;1055
1786;1824
293;967
112;994
224;684
1777;2019
266;385
2341;2566
1264;1518
2300;2727
2058;2627
111;177
2176;2586
982;1156
1313;1421
364;627
1329;1731
1237;1994
61;589
786;1002
209;491
1997;2405
451;1586
789;1194
1128;2258
790;861
874;1090
1041;1061
1581;2127
2025;2807
2540;2885
2450;2653
268;734
1470;2777
753;2308
1385;1511
97;283
2267;2484
2560;2900
2223;2484
2248;2503
1630;1662
1579;1964
1677;2859
1772;2287
495;653
154;439
1666;1832
266;1325
1448;2069
1516;2437
1396;1415
91;703
348;865
644;822
2380;2795
1291;1845
1256;1574
2081;2754
2362;2614
1460;1803
62;886
1258;1263
288;799
2077;2511
151;2008
2810;2877
1643;2057
37;525
793;935
1669;2907
1408;1960
2023;2498
1827;2387
1790;2523
42;776
650;715
780;2470
1244;1603
254;779
1431;2945
1427;2588
2016;2531
2221;2359
111;1015
335;767
1562;2722
2604;2684
302;907
395;654
303;1922
72;364
2075;2703
2361;2617
25;570
227;505
804;1112
1978;2804
1943;2922
1804;2908
697;726
1212;1288
2143;2349
2590;2751
557;701
1479;2250
466;1170
82;863
1311;2651
1404;2764
929;958
1516;2966
723;2674
1273;1279
1215;1764
212;705
2061;2171
2616;2702
291;722
273;963
278;2280
2068;2160
1684;2252
1530;2112
775;1165
176;1377
1241;2725
356;838
196;1199
418;1121
244;999
1531;2744
20;1152
1269;1939
1564;1621
1671;1683
1640;2140
1549;1726
1252;2306
1798;2831
2078;2285
417;693
2605;2696
2584;2617
1391;1926
1421;2541
2063;2425
1226;2055
2505;2526
1229;2333
2614;2686
1882;2681
2143;2876
2643;2716
1851;2510
581;838
2432;2701
1465;1619
1482;1555
1867;2403
1417;2812
1453;1470
348;431
2108;2740
43;347
1960;2758
1421;1652
2597;2664
2513;2661
1906;2341
82;654
1391;2271
1628;1763
372;2400
363;855
2112;2405
789;875
4;725
556;938
1979;2624
2503;2819
55;1066
1836;1959
219;698
2200;2884
449;467
1513;1884
909;1171
1375;1824
648;943
1312;1402
2486;2509
1626;2089
1291;1312
1986;2806
174;558
869;2524
755;1973
1364;1753
2484;2901
1901;2682
965;1198
571;775
1550;2209
1212;1249
2841;2932
1659;2632
575;675
1423;1541
1394;1463
1410;1984
1447;2267
2214;2849
580;1006
597;968
2120;2194
950;1084
2159;2939
1803;1947
2178;2909
1301;2671
205;1008
1291;1917
1820;2357
1283;1853
2263;2278
2354;2750
336;1008
175;629
1294;2055
646;2942
1787;2800
1606;2132
202;693
904;1117
283;1160
2636;2954
541;932
689;783
689;2673
1870;1981
945;2511
2312;2424
33;1116
889;966
1431;1440
473;1135
2883;2928
1240;1419
1513;1709
1589;1906
1503;1806
1302;2287
1488;2817
2440;2849
444;815
581;826
292;715
1870;1888
303;2477
1448;1494
1309;2443
1357;1606
384;2181
376;683
2407;2685
747;876
782;1949
255;1117
405;662
1439;1989
1919;2385
217;794
2044;2126
1571;2726
1748;2895
2876;2968
285;849
2463;2781
2534;2701
1567;2610
1212;1328
2514;2895
2830;2926
2127;2912
1249;1617
1960;2904
1977;2452
2100;2600
78;1143
1570;2798
2467;2476
1755;1819
1414;1674
2014;2794
2640;2767
340;1649
1787;2275
1470;2701
1517;2702
1853;2516
235;982
1455;2216
377;1845
174;919
2422;2643
460;1088
2711;2716
283;749
1744;1824
831;928
1792;2554
1516;2368
2462;2903
1386;2404
2660;2670
102;247
109;176
2814;2843
1954;2626
1794;2799
1323;1433
2057;2886
590;680
1295;1471
701;721
81;936
2521;2833
1798;2662
1975;2909
1723;1836
924;1191
555;721
2069;2560
1974;2042
1776;1885
752;1025
1459;2415
1474;2003
1550;1609
1850;2131
2727;2740
1538;2493
1309;1546
169;1148
2034;2343
2088;2472
72;1949
2337;2474
1976;2964
1347;2244
2234;2834
2695;2947
1315;1570
2359;2525
2075;2643
1735;2706
2344;2345
24;1891
2529;2803
1954;2945
2013;2872
127;1672
140;1161
2024;2063
1964;2868
614;1319
2292;2582
136;204
2158;2579
239;1382
236;1777
756;968
82;779
1220;1298
2048;2450
255;345
2441;2917
92;1095
647;1117
2161;2696
73;1334
741;1043
2198;2291
963;1065
2098;2879
2579;2849
558;938
1261;1645
2267;2389
2777;2803
276;815
770;842
1824;2385
1455;1853
1631;2356
1296;1678
157;900
1293;1610
2315;2464
2242;2460
1571;1869
771;2400
1143;2134
2104;2533
2536;2889
536;721
530;1757
879;968
1485;1971
3;359
2054;2191
1813;2477
2413;2902
2372;2406
1332;1739
2125;2505
2301;2361
1692;1721
8;1209
1251;2319
395;479
238;1677
2604;2911
336;373
2173;2338
146;1002
1141;1881
1503;1862
2364;2571
2471;2849
45;420
1233;1731
588;2046
1470;1508
1222;1541
565;782
2562;2941
1882;2359
259;951
2018;2871
890;1054
275;1901
1879;2246
1731;2734
1083;1675
2570;2591
264;814
1943;2917
69;933
713;885
74;973
1546;1657
2143;2348
2491;2759
1958;2338
528;1178
409;1204
1513;2098
1488;2396
1236;2638
8;418
2388;2484
1460;2814
1442;2113
1822;2780
647;988
709;1015
1944;2634
1271;2885
2514;2617
416;1489
2426;2629
622;751
1380;2755
1485;1555
1551;2852
2439;2571
1553;1627
1636;2310
465;1064
2553;2750
2182;2347
1433;1765
56;1659
80;1117
1454;1677
1995;2447
2004;2063
202;444
554;937
1554;1834
1255;1635
689;902
1682;1743
1450;1647
494;1071
2095;2568
432;1644
679;1204
1328;2374
1680;2283
1815;2193
598;784
1991;2169
1018;2280
783;902
2701;2781
1249;1660
1837;2835
631;1036
1671;2859
459;1170
1580;2531
1577;2414
2789;2820
1706;2017
1758;2494
1378;1646
1920;2499
1272;2473
858;2222
1420;2235
231;588
327;909
1712;1789
2483;2835
1651;2220
174;1024
781;1064
890;1191
362;540
915;990
2349;2550
1607;1941
2128;2346
2414;2788
217;652
1306;1896
1620;1724
350;592
723;1174
2074;2663
2672;2822
215;798
2324;2357
1912;2502
2249;2332
708;909
1833;1982
1706;2303
219;992
2068;2871
2465;2956
2184;2238
604;733
118;361
1518;2464
1833;2064
420;939
2030;2555
1570;1949
1463;2189
2072;2616
139;658
417;1044
29;2342
995;1126
593;903
1481;2312
504;1018
675;949
359;388
2082;2496
1278;2730
2321;2737
796;851
2815;2855
37;273
1916;2807
1733;2932
1409;1513
285;1091
2240;2750
495;922
143;2673
1659;2295
636;1188
1463;1739
124;1116
241;948
122;1169
909;959
380;601
1404;2933
2234;2363
1857;2137
387;941
36;396
555;756
1911;2363
1791;2369
2365;2909
625;1116
317;1046
159;2747
1066;1179
2314;2720
1397;2259
1831;2484
1959;2371
2745;2896
923;2766
1803;2291
530;1144
2059;2812
539;934
633;1095
1474;1559
247;303
2333;2681
984;1067
1571;2776
1346;1629
1820;2750
377;1010
1949;2723
290;1167
2746;2928
172;535
191;309
160;183
2408;2756
1315;1512
1949;2556
2168;2248
1979;2893
2362;2576
1913;2665
1833;2796
2499;2713
1756;2545
986;993
1212;2057
311;758
57;531
169;201
17;1881
467;2688
142;148
1802;2120
2048;2261
1356;1549
882;1156
143;618
1914;2699
1880;2668
2560;2718
2427;2761
735;797
97;153
1126;1190
1576;1643
301;367
2432;2642
2439;2663
1212;1627
1238;1291
650;864
2691;2788
2765;2859
603;768
397;1729
1684;2873
455;1103
2203;2318
720;996
1785;2808
1352;1769
1386;1877
2099;2873
566;1575
2063;2706
572;908
754;1003
1256;1401
2285;2327
1852;2385
1756;2560
606;695
1917;2741
901;1039
2377;2417
1610;1751
2048;2901
2095;2523
1418;1758
331;1124
1270;2189
2287;2883
1319;2470
2351;2549
1807;2496
297;1393
258;537
1499;2146
635;1059
344;1844
729;1066
657;1861
1158;1703
1231;1911
843;1054
1553;2695
1383;1708
1287;1773
363;897
2525;2628
296;1146
2541;2605
1239;1541
2463;2962
702;2153
1346;1697
1363;1541
479;844
2488;2957
2334;2949
2171;2341
1341;1914
2152;2586
151;574
873;1390
1262;2192
1974;2298
254;1050
1783;2847
481;666
122;156
1944;2671
179;463
1284;1624
2061;2359
566;888
736;1107
1461;2857
66;982
1507;1703
19;596
1476;1926
1664;2548
2048;2750
37;344
1329;1528
1525;2687
1821;2082
365;1056
59;353
1072;1162
1349;2738
250;508
13;304
288;785
811;1176
697;1211
2180;2723
2326;2588
1270;1559
400;842
62;1110
2936;2961
12;383
1297;2105
590;820
1959;2644
287;836
2704;2830
2299;2765
754;2677
607;924
189;839
764;989
492;760
1346;1507
1789;1869
651;975
2117;2781
1257;2849
591;601
1362;2213
869;1907
1923;2482
2405;2843
808;1201
1584;2606
1292;1527
189;410
2141;2289
1890;1990
1038;2911
695;700
2115;2698
2150;2866
59;1350
243;741
544;742
1265;2168
1216;1320
847;890
90;324
1440;1780
582;1185
2167;2647
456;2511
1837;2247
891;1023
2431;2878
255;380
333;1058
1986;2482
1803;2248
2110;2350
508;1096
1264;1718
1830;2010
230;517
1478;2697
515;867
273;380
1455;1891
2107;2130
1693;2218
5;589
210;721
2269;2870
1373;1602
934;1018
1214;2150
2021;2430
548;2204
1511;1696
1124;1327
2627;2881
256;1145
1749;2404
205;1159
1599;2504
1834;2778
1463;1766
1251;2309
1531;1614
1619;1864
2733;2806
1284;2055
741;970
1941;2811
1666;1759
1299;1774
1361;1717
2241;2680
1980;2502
196;448
1788;2719
2622;2766
79;277
121;519
2116;2775
2318;2351
1061;1156
1214;2021
2192;2568
364;1949
391;1023
1670;2692
69;1648
0;409
400;637
2788;2887
1688;2211
377;1275
194;963
1311;2338
285;595
219;2880
1769;2720
794;942
908;1198
1264;1320
761;974
686;739
500;1330
29;36
218;239
146;256
1661;2236
287;773
2299;2448
1789;2776
419;925
1893;2890
960;963
173;1002
1614;2461
1149;2449
2137;2398
2555;2811
130;959
903;1048
1319;1680
358;1133
1286;1499
143;371
205;1686
1345;1685
227;294
1953;2735
275;2284
541;2073
51;65
1386;2365
1829;1891
1395;1416
1736;1944
2344;2765
1581;1585
123;595
1279;2842
1261;2299
2403;2943
143;902
2587;2705
4;472
276;1061
759;911
345;1194
199;623
1472;1709
83;430
2299;2631
2651;2794
2029;2183
450;1155
1854;2162
313;1161
1030;2472
2359;2750
2613;2650
250;564
45;192
2230;2953
335;893
1264;2645
68;344
1541;1761
132;566
428;492
326;2637
2285;2882
2363;2821
1594;1968
1222;2245
583;1124
1926;2205
888;1575
245;898
31;283
380;943
94;901
2279;2889
1850;2092
1561;2231
600;862
1704;2146
1735;2843
1847;2654
264;649
1744;2422
34;783
1891;2661
30;1052
1234;1755
2685;2699
739;959
140;1142
2366;2630
1287;2804
1418;2661
2026;2782
1896;2615
2152;2268
70;606
1631;1725
1657;1710
1536;1855
153;1205
2484;2692
2323;2814
2426;2712
415;934
41;2241
1264;2263
121;1863
1921;2268
826;966
2122;2847
412;747
1557;2529
1698;2785
1847;1920
1059;1181
860;1176
1456;1867
19;1158
10;1133
231;237
1463;1544
2182;2435
2185;2237
2550;2889
1801;2065
612;1720
536;2689
1882;2237
2019;2221
277;322
523;1334
508;564
344;525
1624;2370
184;950
2200;2485
1978;2489
744;2562
307;1052
1035;2952
885;2775
889;992
249;513
2778;2833
2257;2761
1279;2499
733;815
1856;2428
8;878
887;1066
2226;2799
2522;2929
2153;2598
2100;2139
2462;2630
1294;1568
521;545
663;1002
755;2941
1625;1825
1959;2406
233;2563
214;334
531;632
630;966
832;1929
1399;1453
1330;2336
54;470
787;1575
1299;2072
197;1178
155;698
122;955
931;1037
183;1224
2277;2445
1212;2594
238;2145
2359;2809
1499;2654
1448;2780
2313;2793
1412;2784
1470;2381
476;741
2259;2687
333;1196
1842;1996
1958;2534
1669;2129
1038;1785
610;950
1483;2899
2450;2617
1395;2791
1043;2523
281;1319
268;319
515;774
2125;2516
366;566
2156;2428
1448;2072
2192;2377
1583;1950
2367;2896
481;1304
1398;2020
118;786
1640;2381
2167;2392
22;2304
1971;2325
518;1193
1472;1685
1239;1297
2162;2848
603;879
1212;1775
1999;2781
114;1116
377;1698
1426;1569
1402;1428
2359;2583
106;111
1811;2882
179;729
608;719
1495;1650
1537;1922
1328;2057
2678;2906
1879;2024
1987;2046
79;417
2503;2661
1367;2816
2333;2925
1829;2107
2628;2914
2589;2788
112;946
1467;2902
1785;2263
410;1045
482;1052
1555;2564
1564;1667
1736;2164
2687;2814
789;852
62;1170
138;870
273;533
42;474
2292;2757
1947;2687
480;771
1798;1966
929;962
17;520
1736;2465
1310;1748
1327;1758
2481;2531
1380;2328
2022;2907
1212;2758
2109;2299
173;543
1787;2127
1842;2032
1945;2197
1823;2944
290;849
2618;2889
1988;2941
1683;2472
425;942
1959;2712
490;588
2476;2687
1382;1463
518;984
1425;1978
687;947
861;1020
1880;2152
2484;2958
13;113
1806;2819
299;1072
1259;1418
1811;2067
469;640
2421;2587
109;665
628;703
577;719
1875;2968
2359;2901
103;127
1513;2879
1981;2707
455;1046
458;1334
915;966
1294;1669
872;1068
2546;2946
1344;2218
1420;1879
1534;1613
1585;1637
2049;2701
894;2775
881;984
1429;1489
2604;2877
563;1076
1483;1991
2263;2800
2184;2679
2369;2605
1732;1966
815;906
285;439
180;659
771;1104
592;691
55;557
663;786
339;1074
1283;2841
229;2470
1630;2964
1159;1702
1214;1623
1008;1143
1255;1337
1527;1588
2409;2842
354;525
794;990
1816;1867
200;559
2224;2936
1451;2628
2566;2757
1143;2817
1847;2131
1604;1756
1854;2005
2037;2625
1352;1365
409;1031
2223;2315
784;1109
1854;1956
1347;1754
1216;2609
322;403
2482;2818
239;1150
2648;2821
486;557
1106;1534
1326;2359
2051;2488
336;1094
1664;1727
2036;2776
297;2749
44;670
631;762
120;716
2015;2398
201;909
1896;2230
428;512
2359;2824
1409;1519
1188;2746
336;1011
1587;1620
136;911
1233;1340
1844;1908
297;668
2161;2403
33;934
43;900
1212;2310
578;1178
973;1334
1693;2801
1596;2884
2081;2138
780;2458
107;642
1307;2931
881;1119
867;1192
1250;2080
294;1090
1216;1719
645;1189
81;252
549;1133
1619;1699
2787;2822
1910;2534
445;740
2136;2708
2442;2815
2438;2499
1595;2458
1837;2361
78;338
6;479
2498;2742
2754;2831
2089;2238
475;674
294;346
2102;2851
1438;2351
1827;2068
1834;2799
2839;2850
1747;2085
489;1151
1890;1935
1828;2274
1866;2013
20;429
2417;2568
1404;1932
1245;2909
2499;2826
965;1133
1691;2731
463;516
407;1592
2368;2966
511;776
62;258
1312;1639
821;991
44;860
465;817
291;973
1926;2271
945;2680
1043;2607
67;1170
1131;1377
362;474
2064;2841
698;1132
1195;2288
2010;2959
321;599
365;1082
1408;1979
1492;2333
2474;2587
873;1663
2335;2826
684;2062
1;450
109;1377
1865;2781
1922;2203
725;1655
1367;1448
303;1473
1281;1477
1659;2026
1528;2136
613;2330
37;533
2709;2899
33;578
1235;2387
1912;2918
1322;2470
1288;2410
1300;2333
1610;1749
2265;2753
598;2717
1547;1560
881;1147
112;1098
7;99
2608;2808
2480;2756
1904;2121
197;625
629;926
780;1348
796;1051
1908;2248
1320;1361
1323;1638
2076;2661
1401;1630
347;1118
1348;2031
431;597
927;944
541;2172
1003;1366
1404;1478
656;908
1305;2085
2085;2771
1975;2080
2276;2582
132;244
2243;2467
1822;2900
1663;2894
77;688
2071;2089
338;1180
1373;1464
2420;2642
2111;2869
576;732
773;926
2456;2611
2068;2136
2431;2820
358;1066
1567;2865
40;905
2197;2788
721;1654
1470;1893
27;133
1672;2077
2031;2885
74;360
438;729
2133;2498
1616;2536
162;791
235;951
1479;1918
1898;2702
2510;2639
1856;2047
2543;2884
2604;2776
1404;2271
199;829
2018;2694
698;1024
131;897
1731;2494
670;1334
126;318
1233;2610
245;404
407;677
33;1104
1383;2233
1240;1721
1993;2514
511;2093
615;1023
69;1741
2704;2771
630;942
855;1176
1462;2235
1404;1975
602;1129
1638;2904
1857;2055
478;1155
168;726
1353;1705
2110;2366
1388;2334
1270;1446
55;347
1130;2333
2191;2875
1039;1069
1353;2114
1760;2557
1029;1031
1550;2011
2875;2904
1353;1419
1538;2019
581;640
176;478
177;634
1858;2883
1786;1971
1837;2305
1389;1402
1969;2626
595;653
136;1648
30;696
2333;2768
2137;2519
186;986
540;765
722;760
1798;1854
2481;2530
89;141
1416;2945
1859;2364
1830;2548
1291;1336
80;312
677;2508
69;2472
785;1683
1516;2849
2184;2769
1010;1698
1448;2376
1491;2892
1433;1992
2544;2604
282;814
2756;2864
2546;2703
2145;2472
1986;2339
174;867
2414;2516
142;509
1234;1399
1364;2106
98;393
335;468
1695;1987
1493;1971
1404;2386
469;655
1804;2337
2368;2458
555;1118
1964;2016
1457;2250
1648;1741
1115;1190
2236;2282
2334;2957
399;841
2437;2966
2008;2795
2242;2414
1679;2000
63;732
1314;1392
1466;2267
1606;2893
271;1119
97;274
1297;1731
1611;1915
2541;2675
340;626
2579;2730
327;872
1324;2231
1677;2400
1894;2332
224;923
1526;1570
1993;2787
50;571
1854;2960
921;1940
1768;2641
1780;2468
1204;1489
1865;2489
1314;1844
1903;2886
1332;2380
2531;2838
1922;2586
961;1205
1039;1206
1920;2720
1975;2378
2611;2897
1850;2408
2250;2779
1065;1156
177;1015
1298;1439
220;947
1566;2764
2074;2453
2905;2949
1023;1073
1456;2710
2218;2644
2439;2869
187;820
1230;2128
1894;2507
652;794
141;2095
35;872
1264;2038
769;806
1484;1771
1347;1757
224;1027
2218;2934
783;2673
305;530
131;385
1523;1744
1469;2570
27;77
1846;2184
1263;1554
1554;2155
1255;1698
779;1067
1299;1872
370;1158
210;691
2523;2568
343;909
398;758
2072;2376
2333;2431
2560;2733
1683;2299
1434;2239
1551;2632
258;460
204;1424
2266;2509
1373;2490
2518;2836
810;816
721;1163
981;1117
1562;2082
655;1192
2039;2418
1470;2338
1235;2343
367;447
181;263
1175;1671
298;741
1701;1739
2530;2907
990;1206
94;907
123;376
457;688
1658;2846
1308;1435
1798;2234
1906;1930
1934;2954
96;591
48;290
1039;1162
55;1173
406;865
1456;2300
648;992
2037;2818
468;649
109;800
2555;2600
1627;2243
1235;1827
190;1018
2230;2685
363;482
1491;2628
1177;2336
2381;2701
1788;2341
1231;1270
1973;2941
342;1011
18;989
2338;2431
2890;2915
1246;2136
1866;2942
1864;2839
661;1014
1584;2435
2474;2790
120;634
485;1146
1516;2579
1154;1209
2006;2593
785;799
849;1167
580;861
1966;2662
821;1109
76;1068
1360;1565
1292;2118
2253;2523
1252;2423
107;230
2134;2396
2113;2177
970;2216
1578;2570
1248;2297
392;1334
75;1149
1273;2842
1404;1964
345;983
1723;1824
399;566
1985;2797
309;2880
10;371
1972;2333
654;844
1306;1771
1552;2191
1305;2693
1619;1632
721;749
2218;2230
1306;2899
854;963
272;585
167;792
482;1142
1488;1560
2594;2843
1826;2244
1760;1856
586;1031
342;369
527;1813
2614;2718
771;1195
129;914
2581;2672
541;1657
2412;2837
1447;1653
2606;2757
2068;2708
2196;2369
290;910
791;2766
1788;2292
1815;2057
2215;2486
1575;2766
307;873
1530;2391
576;686
117;578
1324;2086
1996;2136
1647;2044
2196;2215
1817;1915
347;745
173;1133
191;971
247;2460
1986;2037
1047;1143
1627;1997
443;583
243;985
579;595
212;392
2281;2482
2244;2754
2740;2767
1594;2086
2115;2287
1347;1826
2089;2619
1821;2333
389;678
673;1152
412;632
1297;2802
675;1186
735;882
518;796
1469;2836
1886;2551
737;906
2367;2723
188;838
1795;2117
1956;1981
1960;2057
602;852
937;1333
2711;2946
739;909
2048;2800
2209;2282
603;868
1372;1511
646;1102
1882;2892
1291;1639
2733;2903
319;402
1540;2538
1424;2344
1721;2758
1801;2561
1263;2372
2195;2876
1817;2120
1788;2789
990;1132
353;1401
1555;1764
2552;2935
1321;2386
1095;1096
2421;2716
1305;1747
234;491
1811;2707
1397;1824
2805;2812
242;974
780;1528
11;353
2135;2561
1949;2286
60;2682
1530;1666
129;1022
741;1949
96;631
1565;2865
907;926
1239;1578
966;1318
1278;2068
681;1686
384;684
1470;1738
278;2622
454;613
511;540
347;471
2800;2881
1236;1411
1537;2414
259;1570
1557;2915
324;813
1526;2916
1473;2152
371;1078
2338;2733
1259;1971
1859;1975
1995;2887
652;1074
456;871
2682;2919
1913;2711
286;1007
473;952
240;925
1964;2392
2068;2387
1440;2372
508;954
714;893
2168;2372
1999;2934
1840;2853
1316;2470
835;1015
1433;1690
2152;2259
1929;2065
1495;1516
192;254
228;1172
2225;2353
2148;2919
2051;2701
1443;1490
144;384
1714;2099
553;1892
596;1778
2051;2842
1242;2452
1995;2174
2701;2777
1678;2585
189;1045
836;876
323;819
258;698
1324;1794
108;1114
827;1548
491;662
20;992
1230;1787
2147;2364
79;391
1758;1765
2099;2433
911;1648
492;840
609;664
292;732
1891;2412
36;2342
1359;2434
2256;2916
85;695
288;1671
2063;2187
152;502
194;881
544;1180
2407;2644
1947;2476
1606;2873
1968;2873
2814;2833
30;266
2283;2907
2066;2648
11;1927
2045;2216
2300;2498
531;912
15;99
1403;2054
258;1024
2111;2296
1793;2272
364;854
1754;2287
409;1029
911;2622
1394;1742
1277;2506
1730;1824
1916;2383
1846;2835
2055;2933
2526;2633
631;881
1920;2059
2170;2794
1541;2430
1670;1682
1027;1708
162;860
1021;1139
1660;2602
1455;1792
527;553
1711;2651
1847;1887
1248;2415
469;1110
1404;2423
2094;2291
1640;2237
524;1008
323;753
30;1325
593;1095
1513;1984
469;1192
2384;2658
1534;1564
720;794
1348;2601
1042;1089
724;910
1166;1629
1788;2750
1304;1318
1891;2218
349;735
448;1132
154;991
140;606
34;185
820;1032
1488;1710
1564;1575
168;687
673;982
1266;1519
2020;2961
1323;1660
408;1593
2121;2238
1572;1877
70;1169
2307;2361
2415;2744
189;765
2447;2937
1942;2810
1865;2230
175;1162
234;690
635;898
1427;1800
397;545
2022;2567
1862;2856
1451;2722
1468;2588
2160;2753
323;393
1613;2674
1988;2562
2089;2195
1744;2086
256;717
97;721
1386;1531
414;1118
458;2006
221;624
69;2288
1247;1939
195;865
2860;2932
358;908
844;952
1918;2776
589;761
2465;2687
710;1747
2385;2920
1703;2669
797;1781
2406;2526
1438;2955
291;860
2660;2869
2070;2305
2497;2706
2401;2750
230;339
2598;2957
882;1122
953;1176
822;2322
124;801
585;817
2757;2903
1652;2796
2618;2619
909;1098
1240;1614
833;1160
262;376
706;834
2237;2818
179;1066
20;698
1383;1909
2188;2585
1465;2520
1941;2731
1311;1584
2100;2304
1882;2699
1704;2598
202;775
2102;2672
1300;2173
376;1006
363;1012
2635;2715
676;739
789;972
2087;2408
1942;2583
2011;2747
1264;1508
270;467
287;531
492;551
1695;1879
619;1108
245;1157
1376;1707
126;1188
234;662
55;900
1997;2461
704;922
1885;1992
24;2012
529;1057
2525;2914
1271;1793
1535;2676
1338;1772
2061;2240
1560;1630
753;2524
2410;2600
275;2522
2031;2752
567;1123
1228;1523
1103;1897
1447;2347
431;481
1560;2964
1591;2448
2107;2478
1423;2306
1825;2352
1384;2560
669;716
2029;2568
1530;2201
1755;2072
2050;2548
1819;2791
1618;2815
337;1037
2201;2952
1932;2933
1433;1725
2324;2361
688;1064
906;1139
2170;2820
1985;2365
585;813
179;572
2240;2810
241;999
1219;1450
2362;2390
650;915
1959;2930
1792;1830
214;818
180;838
1784;2016
1484;2518
8;1071
380;669
698;886
239;330
540;1045
103;2783
2676;2899
2686;2777
1218;2756
646;2149
914;1002
1788;2779
799;1673
1945;1971
1356;2415
2110;2780
1989;2066
2619;2658
335;709
1728;1795
704;1076
152;411
2068;2635
1597;2934
51;655
1028;1175
1245;1975
492;523
794;1069
2128;2514
1954;2956
1811;1992
377;829
1908;2508
431;728
547;643
2671;2843
1470;2211
751;931
1213;1226
1964;2694
1453;1755
1461;2340
563;1689
1234;1694
2165;2238
738;1181
1694;1722
2102;2968
1990;2753
1849;2611
42;251
705;809
1903;1961
2251;2767
104;432
1229;1642
221;519
347;756
131;291
1470;1972
1961;2403
2251;2652
1755;1862
2080;2641
2482;2845
255;376
123;730
1865;2587
0;1337
1325;1509
303;2667
714;890
1289;2968
1398;1620
1827;2592
656;729
740;953
2799;2898
1563;2079
1572;2932
1415;2498
1699;2767
1092;1801
2491;2517
1600;2072
1223;2169
1957;2852
110;671
1529;2751
2333;2381
150;282
565;2717
410;511
46;963
144;2043
2131;2701
625;986
1882;2768
1110;1119
166;1040
150;501
1015;1061
1254;2218
1092;2065
2676;2709
1617;1690
1175;1746
1931;1947
63;146
1101;2222
1721;2860
2300;2742
42;667
2012;2563
1985;2663
1458;1525
1414;2568
1906;2039
1236;2842
1308;2815
1835;2041
104;127
1792;2668
506;703
804;1146
734;1023
1233;1996
1130;1952
2320;2471
1873;1992
1920;2701
717;836
1595;2111
864;1059
1307;1463
1838;2705
2690;2835
1445;2277
1531;1749
2499;2720
2706;2894
1619;2850
2371;2667
2323;2391
1300;1359
289;1931
895;1023
2772;2810
1826;1939
1658;2935
2599;2939
1301;2711
1954;2164
1320;1556
235;992
820;843
1141;1200
280;1377
79;659
174;893
1349;1475
2010;2447
1902;2193
1481;2460
1453;1774
486;770
2707;2883
698;746
2260;2639
2559;2813
2084;2353
1627;2860
1454;2232
409;1337
31;195
2867;2890
1405;2842
1233;1329
2402;2867
159;2011
959;1171
927;1713
1288;1833
2148;2682
2701;2812
1417;1919
1188;1858
2291;2298
1319;1768
2258;2637
292;531
387;1037
2141;2304
2026;2295
1851;2528
1810;2380
180;707
1671;1677
383;816
46;960
468;1042
1523;1561
261;2019
1384;1678
1406;1615
1835;2119
293;2938
968;996
865;920
800;813
1722;2920
681;1662
316;2299
2217;2533
1453;1972
1614;2646
2285;2698
301;1813
2030;2602
2174;2447
1142;1686
242;475
1635;2399
2061;2493
883;1098
2314;2499
9;667
1945;2910
486;637
450;575
201;739
571;1037
1328;1408
1262;2613
31;611
182;757
2554;2596
22;866
362;2093
944;1032
1356;1945
1800;2578
103;1593
662;690
1599;2295
1840;2798
2572;2624
202;497
170;1063
90;599
1849;2305
1366;2677
1364;2386
2140;2936
2072;2249
1410;2182
892;1035
14;915
698;992
358;438
551;1176
1308;1589
915;1134
1611;2456
219;828
1396;1902
440;959
2090;2408
354;1053
1610;1744
291;360
1395;1730
2096;2439
2536;2550
373;1708
1294;1378
1819;2069
1831;2502
2268;2720
2035;2139
249;2747
2019;2810
958;1010
211;1099
586;1029
32;1064
1739;2795
375;593
1531;2415
401;496
204;451
9;251
1311;2052
397;580
2383;2863
596;2656
1358;2081
354;419
1315;1798
2323;2624
584;752
2005;2931
184;222
238;785
2072;2856
1769;2351
2048;2553
64;1304
1373;1461
2220;2271
1916;2305
2169;2689
1036;1067
1584;2292
1402;1639
2322;2916
152;1003
1632;1864
1816;2623
1125;1413
769;876
297;2383
2388;2721
903;1005
241;552
1333;1608
306;2183
1916;2535
1529;1993
762;984
464;875
1277;1927
1594;2199
2295;2504
1958;2903
70;122
840;1125
566;771
0;2688
2263;2359
2610;2874
662;969
1911;2234
136;731
1446;1765
1974;2355
1795;2801
336;958
472;1166
1574;2233
646;2872
1212;2394
404;783
413;2235
1297;2610
231;832
1534;1621
1316;1768
18;1189
1351;1470
513;2950
2360;2594
2753;2909
1392;1561
1801;1817
1506;2909
223;1149
2728;2829
1631;2823
863;881
317;1200
780;1387
2459;2798
1846;2627
1584;2757
2162;2380
815;867
321;507
12;696
2058;2357
484;992
638;705
2463;2685
553;833
1415;2657
1403;2191
1909;2204
1271;1911
635;845
2068;2730
2079;2733
1990;2743
2028;2686
2022;2764
350;920
2159;2904
1742;1939
2130;2930
1257;1495
1920;2047
47;777
1166;1507
2043;2109
97;536
2274;2628
1875;2547
1531;1721
1425;2804
330;910
1953;2694
2223;2824
2285;2932
1955;2456
1239;1363
2250;2757
49;639
2888;2968
1786;2466
1126;1168
80;647
1631;2177
2583;2835
286;655
589;974
1324;1415
1862;2527
1306;2722
1294;1903
1330;1564
1521;1911
1092;1802
1399;1694
1696;1877
1338;2746
1901;2148
513;1659
1814;2297
1413;1496
2175;2457
500;933
1830;2099
238;1671
1237;1397
1290;1488
1263;2598
146;806
1161;1169
1212;2541
554;2563
2013;2309
2450;2496
1580;1684
16;1002
2793;2932
1665;2311
1963;2812
2834;2866
806;876
1620;2020
850;864
410;1141
1970;2782
840;2006
1512;2100
2525;2582
207;1094
1272;2189
66;258
68;692
2005;2648
2484;2502
2776;2835
1994;2790
868;915
2049;2381
411;754
676;1070
967;985
517;794
405;1040
386;1112
1306;2381
230;1039
433;1007
1320;2009
909;1164
1824;2805
684;722
1827;2439
1911;2540
349;1119
2679;2888
2764;2886
357;1176
310;1056
713;1200
1336;1655
2492;2925
244;2674
1699;1700
385;897
101;1663
1266;2435
177;1063
71;91
460;466
1277;1645
1331;2733
697;713
1215;1767
1736;1806
1290;1630
260;841
30;855
2354;2500
741;1109
1187;1863
196;990
1494;2069
469;590
784;1414
1348;2436
311;319
111;763
2693;2950
1416;2251
1043;2253
1483;2685
1545;1738
1719;2645
1933;2131
1302;1739
1309;1497
701;996
796;984
49;325
285;1117
1285;1548
596;1697
2293;2499
178;306
1575;2443
1477;1957
417;475
1575;2328
1525;1693
308;1024
1803;2168
2800;2940
1478;2245
1841;2095
2552;2722
1420;2246
1629;2656
140;600
1938;2311
2082;2912
1471;2381
1449;1470
401;1164
96;356
270;586
1499;1780
2357;2888
1519;2502
397;893
1308;2733
548;1488
1326;1782
1506;2663
1811;1938
18;389
552;853
1385;1975
2382;2828
279;1210
1336;1845
1550;2632
2150;2520
57;202
152;754
1647;2021
1440;1730
2332;2671
1359;2645
1235;2163
1216;1412
2150;2764
2248;2372
1991;2773
2759;2887
438;678
977;1025
114;625
2382;2427
215;1921
29;2308
355;405
1303;1752
1731;2105
706;2472
1263;1440
1658;1986
560;2593
533;1065
525;1184
409;586
2574;2954
897;1334
116;280
727;776
624;1591
378;543
16;118
2110;2720
1437;2765
1351;1719
139;368
2617;2750
1962;2754
1342;1422
2701;2702
1504;1678
1551;2782
1308;1590
1120;1674
2209;2236
1353;2559
1727;1813
1485;1764
1637;2627
1229;2381
1900;2043
198;1163
655;1086
291;363
1237;1438
1879;1987
298;565
2596;2714
856;1143
62;1182
1408;1762
42;574
371;902
63;836
1246;1495
1119;1135
161;196
2639;2825
479;916
171;495
2676;2702
1828;2525
1478;2386
1381;2501
2205;2792
1864;2017
760;2181
611;1153
1647;1706
1762;2944
2498;2710
2283;2708
1830;2508
311;1132
1797;2442
1328;1938
2176;2945
2398;2439
501;1088
2333;2760
2137;2559
116;1131
656;1198
2380;2568
1599;1729
1658;2651
2712;2833
657;1300
384;1100
1343;2764
165;217
1403;1969
83;576
2121;2510
1628;2278
384;2043
1358;1631
43;1374
557;900
125;1206
1410;1472
2227;2617
346;1489
334;2766
1284;1749
1267;2359
1712;2200
2690;2810
111;300
1684;2745
571;693
1432;1531
2016;2641
2341;2358
157;1004
1955;2025
2293;2760
782;821
1226;1751
1254;2801
1276;2333
1516;2316
1415;2520
1416;1482
2750;2876
21;1674
245;400
2359;2892
367;2513
884;2221
1412;1738
2260;2807
974;1023
2122;2800
2559;2821
2408;2442
1957;2830
1650;2320
1948;2031
606;778
1257;1650
2039;2182
1972;2381
529;933
1227;1610
1698;1845
1341;2218
410;520
2485;2884
974;1007
1624;1961
563;1247
2438;2532
181;380
2016;2178
1346;1354
1868;2237
2431;2434
487;1116
1381;2152
114;128
828;836
2218;2507
4;1158
30;386
1683;2859
1570;2272
1606;2786
1387;2470
302;770
2288;2674
105;492
489;589
1322;1329
3;1111
1748;2847
150;922
65;878
85;355
462;2732
1803;2451
1334;2755
1261;2765
2510;2547
1310;1640
614;1109
1328;1692
463;587
1829;1844
2050;2668
75;115
201;1164
2002;2176
675;980
359;2511
139;798
1763;2221
2137;2896
217;230
695;969
1599;2011
1435;1470
782;2723
826;1199
1307;1656
2429;2484
2068;2398
2156;2333
126;636
502;1695
1520;2380
196;522
1843;2448
2125;2372
1256;1546
1682;1734
395;820
2337;2908
965;1066
1596;2143
2285;2487
923;2062
1628;2749
2384;2528
500;934
68;354
1392;1880
2166;2293
1529;2749
596;1644
2126;2416
2709;2967
287;913
2330;2920
573;2956
2701;2855
650;663
1846;2135
2266;2694
393;646
1015;1063
1646;2731
572;656
1332;1406
1066;1198
1482;1563
1867;2331
1841;2284
2587;2665
1263;2107
586;679
294;416
422;757
155;938
601;654
67;230
1264;1326
790;1088
1231;1754
794;1039
207;1014
1911;2960
318;437
646;1866
125;917
438;1198
1250;2016
1637;2800
1582;2127
1961;2578
281;821
2279;2536
285;837
992;1147
1213;1610
1944;2703
359;1017
165;256
2693;2771
2431;2891
1495;2160
1731;1750
1716;2082
1735;2310
2362;2806
2219;2851
2516;2517
2662;2928
1610;2657
1849;2863
2033;2419
1517;2722
172;1134
2261;2721
1226;1293
2420;2718
576;806
5;538
399;1334
224;384
2072;2781
1784;2610
1896;2092
1295;1780
30;1142
1470;2890
202;475
1212;1614
375;1048
818;1116
2097;2844
2144;2414
187;466
1878;1946
24;1242
2063;2695
2386;2802
38;1115
356;418
2856;2946
1464;2857
2359;2597
270;958
1568;1651
20;673
1372;2273
1776;2010
1478;2106
1931;2220
291;334
1412;1952
829;929
2357;2851
2528;2906
1369;1477
2136;2683
1539;2827
188;1121
355;528
2563;2951
1452;2415
1470;1492
1452;1735
2581;2807
1295;1535
376;580
1225;2123
1522;1983
2484;2918
1936;2410
2255;2704
1961;2924
1811;1941
1216;2009
384;760
95;752
186;700
1480;2846
2654;2801
1826;2118
894;1200
2137;2530
1340;2737
2043;2345
2764;2836
467;742
1294;2931
470;495
956;2511
439;1056
1812;1843
319;734
2207;2209
710;1957
2468;2788
1584;2250
242;473
9;776
1646;1656
121;921
1658;2375
1267;2221
1055;1140
2382;2761
2124;2536
251;474
1495;2437
127;359
646;1759
1563;2314
1222;2850
2074;2933
384;2062
1250;1467
225;912
779;1099
692;984
892;1759
2086;2198
1755;2527
103;1672
21;2253
2055;2697
1606;1714
934;2280
2010;2179
503;1015
2839;2844
2162;2648
667;776
2530;2531
1886;2361
1294;1751
17;1327
1541;1726
1543;1908
802;1533
1587;2940
1889;2148
620;1023
2464;2544
1895;2186
112;686
833;1086
564;954
1373;2748
2922;2954
438;463
137;624
2316;2923
1541;2017
1204;1429
1938;2555
506;1148
1160;1535
2007;2179
958;1008
431;592
342;373
1539;2053
592;880
1790;1888
81;509
1408;2904
1461;1540
1379;1491
2144;2208
539;1116
2447;2767
1573;1667
390;2258
454;637
570;826
1578;2386
47;902
1890;1964
933;993
2375;2820
1538;1628
1977;2488
755;1988
1842;1990
43;756
1703;2399
464;591
143;689
459;836
188;286
527;2563
2488;2512
1465;1478
190;2088
480;2288
1547;2264
871;1672
1308;1653
257;524
441;1203
117;386
413;2677
34;287
2428;2689
2144;2248
1255;1655
728;968
1294;2213
788;802
1964;2041
596;1899
479;1041
332;1170
1889;2214
1235;2068
1143;1383
110;1131
45;984
1373;2558
2131;2565
145;514
2399;2669
81;908
1313;1931
1834;2107
589;620
2039;2358
1185;1201
2300;2447
1788;2339
2045;2190
1984;2435
1324;2716
848;1901
1408;2199
714;1182
525;2541
16;543
716;960
2131;2512
1213;1652
202;806
805;2637
862;1176
45;412
771;1146
257;1407
4;619
2019;2584
1583;2555
1906;2358
2483;2684
1248;2740
1739;2005
643;948
95;699
3;969
1390;2062
635;847
1368;1424
88;570
1121;1156
1187;2088
2149;2319
2514;2940
111;434
2157;2164
1986;2936
78;681
468;717
1316;1319
1934;2323
169;872
96;984
1694;1736
2351;2856
2072;2589
333;950
1725;2311
13;824
1891;2716
1655;1698
2351;2586
1404;2074
508;1095
126;530
1921;2334
1333;2513
2104;2876
361;931
331;443
170;1015
637;879
309;820
2031;2853
2332;2507
1785;2911
1985;2413
2089;2575
101;690
192;242
2268;2837
1991;2899
982;1001
425;1208
45;939
784;2417
2151;2560
2576;2915
1383;2264
528;578
1018;2288
934;1146
771;846
1467;2621
853;1146
1242;2563
608;903
202;632
1042;1170
2010;2572
1461;1464
586;962
205;408
834;1172
2516;2667
1807;2561
238;288
2016;2423
67;88
213;1210
2645;2779
2273;2441
794;1181
547;818
190;278
1428;2396
34;994
2572;2954
226;602
1435;1952
373;1077
1567;1816
584;699
359;1111
882;896
743;961
2185;2685
2424;2957
1328;1721
2431;2890
330;849
39;699
2031;2666
1798;2066
1263;1704
1303;1601
718;931
2238;2260
438;666
2059;2499
118;946
1616;2485
91;783
2279;2876
1451;1868
290;1105
1682;1688
2029;2287
1995;2467
2348;2493
553;2460
1115;1128
299;1042
992;2732
69;136
249;2295
1466;1569
1959;2698
353;973
211;475
2161;2196
1746;1812
71;703
589;1086
1606;1905
2356;2811
616;996
1781;2521
469;896
272;324
706;1261
45;919
664;1013
1338;2081
51;957
180;607
107;521
1437;2859
1502;2396
1838;2330
506;909
2208;2248
1409;2014
2761;2828
2115;2831
2542;2908
1906;2543
393;899
1600;1618
161;175
489;746
2128;2800
1736;2687
920;940
331;1327
530;727
140;1052
1473;2713
147;221
125;570
1497;1575
178;765
2813;2882
2027;2927
1717;2867
243;565
232;1550
530;2253
2223;2263
2463;2756
125;553
1651;2764
428;816
2610;2763
394;736
2443;2674
58;1145
1669;2150
1623;2531
388;1593
1416;2620
1234;2527
1833;2917
1591;1645
1997;2602
1537;2164
2210;2631
2118;2244
58;859
1551;2295
1871;1913
154;310
1419;1791
2145;2539
1286;2864
47;406
227;1809
2223;2808
2391;2410
199;699
1274;1993
1500;2383
2587;2948
2152;2351
2098;2757
1416;2652
844;1062
2239;2508
2066;2162
783;1157
180;878
1263;1265
53;1204
1285;1535
41;596
478;675
179;1070
1725;2629
1539;2632
1265;1525
1688;2645
2266;2764
35;824
146;876
56;513
112;909
1015;1183
1301;1824
259;821
1688;2274
1470;2815
1262;1911
350;641
2052;2140
1340;2321
1406;1646
229;780
1371;1677
1550;2747
259;2367
2455;2462
2040;2252
8;337
2346;2496
624;2765
1873;1924
2267;2879
570;827
1934;2917
351;2258
1522;1666
1459;1531
786;883
1847;2720
1291;1298
1856;2781
423;898
190;923
677;2239
52;984
69;1030
290;981
2376;2856
1542;2776
380;881
342;929
1859;2660
1435;1492
100;627
1458;1808
2556;2793
1641;1724
1284;1751
260;771
1792;2050
964;1067
201;877
2896;2916
292;444
2532;2953
1365;1749
333;1304
39;929
314;1184
637;842
2145;2400
447;865
1493;1945
1905;2893
241;1034
2423;2518
958;1143
1024;1041
1478;2844
357;399
267;340
875;1019
2082;2274
1951;2357
1530;1625
1911;2084
1443;2146
175;1138
362;511
1244;1335
2781;2812
1292;1766
166;921
2036;2604
1990;1996
1045;1141
1692;1714
244;504
2084;2821
2372;2930
900;1173
2340;2558
2304;2600
419;429
1819;2546
2126;2727
505;1090
2516;2759
1814;2023
1250;1784
220;647
204;316
2041;2103
582;733
2112;2323
1906;2182
1853;2957
1552;1848
101;2241
2240;2551
1000;2800
1402;1845
2547;2825
1487;2359
301;1208
2136;2160
381;726
1716;2346
756;902
2632;2950
639;1099
381;839
1357;2296
2624;2932
1342;2580
2074;2397
155;268
1542;2357
86;228
31;1197
382;1139
280;1131
1001;1063
1247;2118
1594;2132
1403;1740
403;571
1660;1749
11;1370
462;1114
916;1071
1419;2764
60;229
1273;1872
1923;2892
2428;2615
1974;2330
57;1113
130;279
1530;1832
1238;1298
1930;2388
230;652
2010;2086
1513;2566
2032;2610
1481;1804
807;1044
37;356
311;325
741;784
1143;2204
1120;1511
1379;1682
660;1126
349;419
206;468
26;70
173;245
2367;2459
691;1317
2285;2374
892;1102
261;2359
2571;2663
125;510
239;362
521;823
116;231
1707;1782
1392;1592
1721;2646
2;1380
1677;2539
2037;2292
99;876
2108;2251
2875;2959
450;478
654;952
1811;2629
2274;2722
245;807
2373;2750
2058;2750
1401;1560
1113;1164
764;872
195;447
628;1779
1361;2389
1396;2097
319;966
178;726
498;677
1381;2412
1432;2415
1330;2674
415;1172
1559;1691
475;1193
628;1425
680;1135
1032;1156
2218;2654
173;994
269;2275
1225;2537
425;1138
2624;2896
2040;2530
393;1759
173;1055
2133;2703
23;273
1842;1935
1264;2211
34;1098
1143;1909
73;1380
1439;1729
2018;2439
2651;2903
137;2299
2392;2610
2326;2917
394;1025
130;507
2453;2943
194;1062
1342;1719
2099;2786
827;966
1176;2766
1363;1484
230;315
285;1114
167;550
2075;2422
435;629
1030;1860
644;647
462;802
668;1393
1500;2186
413;1462
2132;2226
2237;2702
1920;2293
1404;1926
2004;2425
1951;2450
457;975
136;1172
237;712
1856;2408
1834;1844
2676;2967
1337;1489
1994;2218
98;1035
293;839
1536;2733
2451;2478
1271;1524
2402;2432
635;714
2088;2232
2250;2484
678;1070
1553;2706
1348;2034
269;1839
2300;2710
2035;2521
1101;1533
1343;2150
2314;2955
1656;1810
2164;2714
573;1086
274;283
595;730
2357;2679
30;363
1407;1428
1075;2669
1363;1761
2033;2257
1371;2454
1478;1486
2268;2501
2813;2866
1994;2801
1607;2811
743;996
1022;1189
90;304
127;2783
1246;2160
2189;2244
718;1037
71;1095
1896;2781
782;2798
1388;1921
86;415
437;1043
2311;2542
1357;2530
2715;2869
1618;2082
196;942
1027;1662
714;815
571;682
239;776
698;1156
2150;2605
339;990
2206;2875
470;1076
2311;2700
304;660
170;972
944;951
2675;2799
517;1206
93;2448
425;538
215;2309
1992;2700
2387;2660
2277;2712
1878;1956
1712;2619
1873;2700
479;952
1606;2222
222;538
369;1094
1813;2304
637;745
2709;2908
2579;2683
2537;2780
1516;2136
1158;1507
863;1147
787;1026
1837;2807
614;1975
563;619
12;291
2082;2832
2543;2573
2369;2764
388;690
713;2775
2061;2726
253;450
1280;1655
129;202
1894;2671
1545;2733
654;1136
1408;1684
2150;2369
96;498
149;360
1576;2161
2462;2777
2432;2499
678;1189
1891;2563
8;707
374;1560
319;905
391;620
453;947
38;995
1083;1481
713;839
973;2593
1102;1983
2070;2968
614;1245
1721;1811
1385;2213
1083;1318
1526;2834
1307;1474
1630;1976
513;2852
32;133
160;458
347;1096
769;864
50;202
2629;2754
1736;1786
904;985
282;981
2261;2806
741;1049
1261;1746
688;975
1399;1755
503;518
628;909
54;1076
576;864
469;515
2203;2759
1570;1583
295;1163
300;1015
31;865
2128;2664
2347;2724
2116;2154
2381;2842
367;1813
304;321
177;213
452;857
2084;2363
1675;1813
76;989
1699;2727
496;909
1018;1330
300;789
1221;2030
1531;2875
790;982
148;417
1914;2408
157;557
1120;1705
1932;2486
1274;2770
115;223
767;1007
223;2449
1252;1293
1882;2664
716;1119
1658;2276
1603;2749
2157;2633
1887;2801
487;948
2334;2858
312;987
1827;1967
492;512
1736;2251
298;985
1595;1680
837;928
2156;2557
1412;1470
753;2342
5;222
1959;2144
855;860
1212;1721
1278;1360
85;209
1513;2104
526;2775
927;2367
1504;1709
269;2127
638;1334
1417;2411
73;1534
342;962
2293;2816
41;53
2809;2895
1980;2625
2660;2762
1637;2274
44;803
425;807
727;1150
1842;2331
2067;2083
1351;2333
1842;2743
236;2082
499;732
151;511
1858;1950
2103;2902
1944;2620
168;381
2759;2967
1537;2687
2393;2602
749;961
844;1135
2352;2949
130;169
1299;1822
2286;2662
2153;2218
2409;2565
1980;2719
1948;2470
814;1014
339;466
307;1116
2112;2228
702;2563
479;698
2085;2255
1410;1930
2209;2538
2278;2800
1235;1859
189;1009
521;1147
175;926
271;735
625;1087
45;510
194;984
2288;2739
2516;2788
782;1053
1679;2678
481;1196
2218;2474
289;2513
2016;2018
1805;2069
1411;2701
1582;2275
151;667
480;840
1543;1844
1376;1782
2293;2720
1379;1517
2132;2786
595;1114
1103;2229
1236;1342
1251;2942
69;911
2481;2486
2333;2701
108;683
1225;2335
1640;1670
2027;2834
734;1191
2547;2965
1401;1514
2134;2817
2613;2821
133;688
933;935
1772;2662
1385;1674
2274;2390
1264;2389
1350;1976
1559;2731
1440;1577
468;850
1007;1199
2167;2610
4;28
2251;2687
2233;2264
2403;2696
633;719
319;1086
2136;2436
1;675
1302;2029
1305;2771
689;766
1333;1341
1441;1615
2281;2333
179;812
555;1173
2010;2107
1706;1864
112;328
1230;2787
2079;2420
1672;2783
20;590
1385;2764
222;940
1218;1597
98;646
1232;2741
2122;2359
192;510
1373;2340
1445;2967
490;1987
1640;2784
1953;1996
2067;2555
1469;1890
1877;2917
1856;2409
976;1389
1077;1389
154;985
1421;2199
2635;2660
1957;2085
2005;2559
1323;1765
1540;2524
1716;2446
1959;2788
876;1201
362;727
1931;2447
738;794
354;711
1279;1405
156;1649
1330;2210
316;2595
1360;2849
1523;2415
890;1072
1846;2561
2611;2738
373;1047
1569;2533
2383;2822
787;1667
337;718
2334;2854
998;1056
1992;2067
346;679
1855;2432
2029;2253
2229;2382
744;814
85;122
1258;2372
1677;2649
1713;1888
535;616
1257;1340
23;308
1043;1793
1824;2146
351;872
653;814
1744;1780
394;1107
89;281
736;748
1359;1980
240;987
1856;2855
1341;2379
2223;2810
1324;1460
662;695
2178;2868
2406;2467
503;835
2075;2468
879;1060
2272;2883
6;698
1986;2052
2017;2498
72;2286
1664;2304
343;543
553;1813
1964;1990
1314;1344
2082;2127
1240;1732
271;1135
22;419
1558;2114
1907;2524
102;125
2579;2682
533;797
1608;1715
2362;2462
2078;2932
1284;1903
376;790
2315;2604
1796;1950
20;823
578;873
319;325
966;1152
491;2680
1961;2963
2287;2746
436;854
1546;1927
2335;2720
777;950
110;712
2016;2353
2086;2155
1393;1942
1335;1839
552;934
1284;2731
389;457
1664;1781
820;867
1735;2695
425;509
2160;2708
183;1106
1177;2539
386;1052
135;2043
213;503
610;621
97;1130
1950;2662
2046;2246
34;637
454;786
557;879
1814;2767
2569;2968
2011;2282
1460;2716
2043;2181
31;701
1263;1762
336;1143
1281;2693
1296;1499
1816;2850
140;363
2257;2427
623;752
1212;1811
354;1543
1472;1984
1212;2811
452;676
1939;2244
240;854
2133;2767
136;529
1631;1665
348;996
399;1176
575;1127
2191;2526
121;166
1834;2796
1738;2777
250;514
977;2425
978;2258
1754;1799
1388;1545
579;1061
1590;2585
1299;1756
2057;2927
2239;2675
672;1068
526;1211
2081;2473
1378;2106
1356;1485
2052;2760
755;2562
225;531
88;1813
716;963
1707;2014
111;1019
146;1165
1831;2529
502;1420
1317;1715
2622;2739
1906;2573
2278;2359
663;769
1996;2743
128;625
1341;1978
180;311
18;438
2924;2963
1385;2018
686;717
320;1094
1512;2555
1396;2126
245;1044
1440;1824
1404;2641
2261;2901
1278;2158
1968;1982
827;1042
311;1021
1402;1698
136;147
1262;2234
172;721
1816;2370
2000;2543
1389;1428
614;1768
2362;2925
353;1560
1769;2318
744;2187
2530;2866
2392;2874
2042;2313
1233;2105
208;660
990;1007
2355;2503
2021;2097
557;996
1448;2527
272;665
590;1152
1365;2310
1347;1799
191;1119
2383;2535
566;973
182;694
1679;1685
230;642
122;267
558;605
929;1383
2023;2902
1321;1753
2069;2072
697;2775
1634;2067
1916;2672
1366;2235
1619;1700
2393;2744
73;86
517;1165
2219;2324
291;999
1226;1961
1158;1166
554;702
242;1154
1246;2647
1598;1672
1891;2478
260;1176
2200;2550
1277;1371
1241;1722
108;1105
2437;2753
664;779
95;1025
2196;2764
1391;1753
569;658
2131;2545
320;1008
1239;1761
1301;1894
1264;1491
1651;1761
1841;2417
535;1042
2504;2632
440;457
1698;1702
2053;2538
1223;1921
17;2717
30;482
1228;1561
142;728
1480;2431
1694;2920
2124;2876
48;653
956;2783
1295;2117
1893;1898
419;822
1292;1394
2128;2627
1920;2837
786;806
39;342
189;293
335;1051
1440;1723
2064;2410
2511;2783
2431;2935
1793;2154
393;2149
2041;2481
2499;2615
70;778
1371;1667
1358;1691
557;968
1991;2685
753;869
1736;1922
495;1076
653;922
1298;1917
439;453
460;828
2560;2614
236;347
1671;2765
1810;2931
1597;1933
502;2246
1885;2139
114;1034
334;363
452;914
698;982
1396;1761
683;1082
1229;1264
2033;2828
1562;2090
318;1043
89;1109
1405;2949
185;618
719;1005
79;322
1158;2603
1627;2833
681;958
1492;1734
747;815
1482;1704
2193;2369
1261;1424
1486;2147
135;2302
341;570
2666;2929
673;2732
244;1195
204;1586
1906;2429
172;996
1349;1611
1212;1696
142;807
1557;2900
1414;2005
2297;2624
2013;2905
1573;2472
875;1101
111;503
26;695
1470;1556
2499;2805
2224;2292
1403;1960
2491;2953
1814;2848
1517;2912
1263;1880
534;1334
294;2603
1340;1495
591;1119
2292;2891
393;1866
1531;2404
1920;2175
1877;2161
163;1156
649;845
248;1106
2449;2611
1563;2318
1847;2781
291;1012
257;548
1953;2610
1459;1997
1046;2923
1684;1968
1263;1455
1;575
166;519
1230;2672
205;1123
1705;2114
2566;2879
175;319
1390;1574
349;2732
1750;2610
1862;2072
1966;2883
0;1204
554;743
404;898
2238;2510
721;1118
533;854
15;808
612;2680
202;733
2788;2944
3;388
1503;2527
12;334
1137;1575
477;603
2500;2514
1471;2702
2701;2842
607;655
1892;2445
2626;2720
1804;2218
2000;2341
1904;2547
2202;2419
1642;2845
2109;2631
98;892
1888;2095
2316;2919
2371;2516
681;1143
2025;2186
1403;2602
1356;2564
1906;2495
1370;1645
599;781
1711;1910
1270;1474
273;1065
1275;1336
815;1185
86;787
1038;2604
1227;1249
805;1115
1837;2324
1430;2218
699;2204
25;553
175;1207
550;1505
132;366
421;1747
1397;2526
122;606
2432;2867
1350;2172
1533;2222
609;1088
570;966
130;859
1380;1575
2182;2250
1517;2082
32;441
1460;2687
1358;2138
428;791
2500;2750
1260;2030
1467;1818
498;591
1880;2424
2107;2405
1660;1740
653;704
2409;2701
1635;1698
256;1210
908;914
2467;2898
208;304
286;1086
861;1006
1491;2359
1986;2375
1636;1651
89;741
1956;2927
115;2897
1681;2100
1963;2237
1421;1614
1585;2627
745;766
326;805
136;993
1301;2332
15;1183
14;966
24;2478
1736;2643
1382;1394
759;1146
671;800
763;835
1228;1443
34;423
934;1106
150;653
1549;1647
2478;2920
291;445
2701;2878
2306;2843
1308;1670
2835;2876
768;879
1334;2006
1861;2407
2473;2519
1408;2155
1320;1447
233;1023
1981;2927
1418;2076
2170;2354
278;1187
354;797
1308;1444
1478;1864
1160;1374
1476;2802
1480;1980
651;1016
1006;1020
2076;2801
2938;2966
2661;2801
176;450
737;1062
2071;2619
2777;2855
1497;1564
122;626
1798;1956
1829;2661
1795;1887
403;497
1856;2701
8;479
2722;2832
232;1609
549;608
34;559
794;1021
1834;2155
1847;1896
291;705
1986;2582
319;1207
84;264
1;980
1679;2550
1385;1486
1659;2747
2086;2657
1342;1980
935;1534
1502;1663
2214;2870
1488;2073
2526;2788
2466;2491
908;950
1763;2446
2294;2312
268;469
178;727
1514;1927
75;805
1449;2434
1827;2601
1556;2281
1507;1629
1285;1665
1629;1899
958;1159
2247;2260
485;500
1602;2538
425;592
746;820
374;541
363;1496
1984;2606
2273;2710
2015;2963
89;1144
858;1097
399;705
2575;2861
1340;2849
611;691
244;424
1299;1384
398;1119
1641;2357
1907;2308
1670;2784
1965;2069
34;173
990;1072
164;1592
1468;2252
2719;2958
2119;2530
2692;2890
2136;2579
819;892
1570;2367
2144;2930
2230;2532
409;544
2614;2701
2091;2730
1598;2656
1888;2795
328;543
1267;1688
259;927
5;175
1906;2217
1434;2304
317;1881
13;660
2137;2441
2537;2864
749;1085
2165;2510
2495;2726
1102;1866
77;781
481;908
1906;2104
1580;2873
2499;2955
2277;2426
998;1082
428;840
1245;1319
1036;1050
2540;2931
1349;1817
1954;1965
450;675
400;404
1216;1470
1047;1094
1449;1715
178;2093
160;500
1666;2952
1402;2396
1728;2801
647;837
2137;2696
1735;2083
353;374
631;863
233;2452
699;1180
307;357
861;982
2009;2455
2207;2236
2335;2955
2683;2849
346;1204
2069;2713
2418;2543
2359;2818
227;2399
111;521
62;827
345;1105
674;1193
1233;1322
1257;2440
295;414
669;1122
2626;2691
1858;1966
1344;2176
374;1143
1776;2179
103;456
881;1062
21;437
1604;2856
1664;2833
272;757
2313;2943
1212;2285
1658;1711
2317;2551
1090;1108
1640;2847
192;1067
457;1189
642;709
1913;2218
1911;2931
2196;2486
1494;2733
428;1137
1371;2539
1422;1557
1797;2203
2009;2333
39;373
836;1157
2339;2359
1948;2592
997;2221
954;1096
700;948
1219;2652
1632;1699
248;1087
765;998
106;1061
1949;2322
181;533
1866;2872
61;1023
1221;1459
64;1745
1618;1821
1303;1633
1631;2081
27;32
1283;2521
31;616
1217;2381
664;1147
418;1099
1507;1689
464;789
2368;2621
331;583
2071;2608
1445;2758
2268;2858
32;568
193;2190
1658;1855
494;1024
77;1064
597;721
266;541
1798;2286
1440;2146
1813;2460
2017;2097
1227;1751
720;879
1982;2916
2305;2863
1938;2115
1372;1419
2131;2781
2342;2538
244;480
154;904
2141;2508
2088;2280
820;1093
1057;2622
1449;2855
1325;1676
2226;2786
1531;2799
107;1001
2278;2750
228;771
2517;2521
2834;2932
1837;2690
760;860
2493;2835
587;989
1571;2835
1864;2023
1737;2750
651;812
2192;2515
2123;2701
33;117
1864;2016
1789;2483
1278;2160
2190;2421
1788;2061
2139;2304
1332;1911
2334;2816
2167;2774
2418;2961
1694;1745
817;1155
1962;2113
2289;2841
1715;2699
557;1089
319;590
984;1036
1320;1717
1565;1953
386;643
1784;2850
589;905
41;1778
2340;2857
304;824
724;1937
585;665
52;762
831;1156
1035;1759
2191;2197
1796;2286
2485;2536
122;386
140;357
2393;2944
1454;1501
575;1155
1602;2490
1462;2677
247;542
1440;2208
1798;2029
1999;2826
44;600
546;1014
427;1044
1836;1971
1009;1200
2111;2368
561;1927
179;516
897;1413
2122;2810
72;2459
687;2096
1315;2811
1469;1990
1993;2684
2720;2955
1624;2520
37;640
386;408
2039;2317
2034;2571
1212;1749
180;620
2025;2260
219;258
1745;2773
2178;2509
1259;2164
2082;2722
2818;2845
1867;2498
1878;2650
2769;2888
1818;2178
355;700
1513;1906
1985;2486
2047;2293
237;832
2094;2475
1008;1094
1330;2622
2639;2968
225;876
1279;1412
456;1672
1746;1843
1346;1689
2001;2678
1470;2534
7;202
1955;2260
2021;2764
1264;2525
1853;2667
468;714
137;2448
713;1009
1721;1877
2464;2604
1718;2263
772;1146
347;1080
825;2063
2277;2516
1415;1465
1470;1980
1320;2429
572;950
74;291
1731;2265
463;887
523;862
615;1196
2397;2519
2270;2655
1821;2552
269;2751
2289;2304
123;579
1594;2226
2797;2902
43;1118
452;666
202;417
54;1158
296;934
1308;1831
276;1156
1427;2943
2777;2891
879;898
1457;2240
479;1136
42;151
546;653
2341;2543
319;570
469;774
1143;1350
308;1156
771;804
1623;1700
1264;2597
266;932
2116;2853
2197;2468
2752;2853
1997;2624
2060;2908
2555;2556
1287;2082
2727;2767
1854;2831
2419;2717
1351;1435
2411;2781
327;1055
1452;1610
2692;2891
329;449
1107;1158
1839;2128
2125;2788
1478;2032
2486;2963
1807;2749
657;1273
143;1582
975;1189
439;647
1468;2323
1567;2167
2483;2655
1430;2773
1570;2078
421;1305
1276;1755
213;331
2310;2415
1341;1861
462;1147
80;240
866;2035
725;736
2401;2533
2530;2834
933;979
1417;2218
1177;1677
1989;2042
443;1355
1574;1676
409;1123
1345;2200
1102;2149
2710;2740
187;1042
118;378
1488;1657
363;385
1231;2003
2577;2918
1488;2264
282;2741
1423;2370
143;756
1364;2178
2152;2955
2362;2915
1854;2648
67;1042
2546;2780
726;839
1925;1973
1488;1630
1561;1730
431;968
366;1026
779;881
190;512
7;1210
581;655
1552;2626
1749;2602
87;1325
1902;2056
1594;2873
844;1192
1217;2434
1215;2955
2045;2716
2001;2889
1889;2440
2577;2815
2512;2720
1341;2457
279;440
887;903
360;1176
726;2775
383;740
811;1027
2034;2929
1446;1463
1336;1442
2318;2549
1516;2160
691;1276
1856;2156
1856;2557
538;940
336;524
1779;2751
2305;2787
763;1019
801;1178
735;1093
111;863
132;816
2842;2878
1592;2326
2371;2554
1516;2471
990;1069
111;972
1800;2403
1977;2131
1715;1980
841;1575
635;1042
344;1829
966;990
1876;1949
453;697
648;1041
2486;2943
1500;1895
1556;1590
1062;1156
1272;1544
1494;1709
623;1698
1747;2255
98;1759
1439;2134
1839;2749
2202;2257
326;1115
150;981
1513;2267
1386;2155
1956;2515
592;936
263;735
815;1139
2870;2923
552;1146
717;864
1342;2625
14;616
1803;2094
1221;1313
789;1145
2407;2701
2487;2559
2319;2942
433;639
1791;2764
1805;2546
1886;2876
498;1119
2341;2659
1863;1940
452;572
588;832
79;895
1446;1559
1622;2460
953;1334
1083;2294
2293;2713
1268;1408
1263;2791
512;862
1611;2738
1717;2958
2665;2781
749;1205
1512;2600
2908;2969
1937;2287
2060;2709
1515;2311
309;698
2350;2366
160;2674
49;417
114;1087
1842;2262
1616;1685
2202;2417
1339;1954
1263;2203
227;1090
2155;2937
323;899
253;478
2448;2765
1837;2672
2604;2808
2307;2317
2687;2937
549;1078
198;940
574;2829
167;995
1876;2137
1446;2731
748;1158
204;2232
2169;2381
2776;2851
1475;1929
2582;2958
2049;2333
85;487
2117;2685
1262;2027
1345;2485
2150;2215
1800;2764
59;1496
652;905
116;671
1612;1721
1573;1677
1559;1646
463;719
85;313
2117;2463
2072;2864
1882;2038
1433;2823
138;1487
1222;1239
190;2288
267;1429
290;1006
493;821
333;908
1827;2368
30;1012
127;432
1838;1944
0;679
1953;2802
762;881
1596;2968
12;1334
2138;2244
1365;2415
1447;2048
188;395
923;1900
2923;2966
2138;2754
1884;2485
737;1354
1143;1710
608;1066
1520;2343
2206;2843
1348;2666
1837;2911
1341;2407
2568;2885
996;1060
1986;2292
1282;1955
1464;1602
2899;2967
1238;1312
183;2674
170;831
1923;2434
2154;2853
1320;2925
1057;1106
741;985
1243;1291
2359;2810
142;1044
285;1167
1606;2190
1933;2934
331;977
504;1575
934;1187
1232;1243
1430;2312
2230;2812
2050;2414
362;776
20;982
2353;2481
2213;2931
492;862
150;704
1539;1550
617;903
636;1701
764;978
549;1066
142;592
1902;2910
789;1015
1674;2931
242;964
243;293
2466;2720
2323;2841
2348;2876
1789;2533
1964;2792
1461;2490
1431;1954
1549;2939
1467;2225
1990;2735
2813;2821
257;1077
492;2766
335;1024
319;655
142;908
15;134
1565;2647
1585;2128
2603;2669
1356;2325
2316;2479
428;2593
436;2100
104;456
584;1010
2391;2650
2043;2210
2423;2836
963;1122
1532;2141
3;2241
1843;2299
2401;2835
1830;2007
1575;2006
390;1115
2206;2788
555;1197
537;938
2553;2617
74;149
932;1657
1213;2520
2054;2875
1761;2848
616;720
178;439
1143;1488
2152;2412
2453;2871
1864;2106
1448;1822
1531;2922
1072;1074
1243;1303
283;961
1111;2783
2634;2727
202;531
1785;2604
1588;1725
247;1813
1262;1524
162;357
1238;2741
7;15
1476;2610
1612;2886
1860;2288
1267;1487
2862;2888
379;899
1695;2246
715;1201
189;894
320;1011
1878;2663
1964;2621
432;956
1820;2617
526;726
2628;2664
42;362
1813;2921
530;636
366;424
1999;2554
97;1205
243;2717
865;996
1510;2004
1943;2572
1992;2555
1759;1983
255;545
1541;2097
691;721
1632;2097
91;689
1589;2341
86;372
109;813
1403;1775
685;1892
1469;2591
2443;2506
1906;2810
2086;2947
66;992
2098;2918
2238;2270
1824;2249
21;1144
100;647
709;767
196;966
692;963
1573;2649
170;981
2213;2453
172;616
1301;2910
660;1168
2569;2861
1320;2958
2577;2580
2244;2823
1858;2100
1601;1939
314;875
1959;2908
765;1382
113;1171
241;934
572;1022
1238;1243
872;1140
1841;2666
1957;2255
191;2880
2257;2828
332;714
2180;2559
2147;2660
1773;2455
1287;2049
220;439
332;601
599;757
1711;1774
1946;2834
2153;2379
1100;2593
925;1949
1540;2490
1990;2091
388;1017
262;982
1955;2897
88;1151
292;1181
753;1907
922;1076
8;556
2770;2895
1651;2055
193;1776
1942;2800
928;1056
2361;2690
1676;2172
2814;2875
165;459
202;732
541;1676
2098;2502
344;354
2018;2764
1215;1756
1470;2434
1572;2323
2301;2750
665;813
1906;2876
191;537
2250;2903
1883;2911
360;539
1647;1902
2001;2536
825;2187
2223;2464
196;1072
1994;2230
1252;2044
418;1097
5;615
2066;2363
418;916
1521;2005
1832;2952
2470;2929
2066;2378
85;1390
322;796
567;586
1490;2351
2767;2922
204;1368
1858;1937
285;1081
1804;2460
1842;2091
1268;1328
103;2511
822;2459
568;1126
2266;2762
41;416
623;1180
2035;2304
2191;2788
1245;2265
853;935
175;655
380;627
139;2477
2030;2475
1619;2044
2713;2756
201;401
1607;1692
2384;2906
2513;2921
2406;2930
1488;1668
278;1178
2133;2740
335;747
2359;2389
2636;2922
715;1145
1383;1698
1474;1754
1906;2317
2800;2824
79;1099
703;909
209;313
373;1094
1977;2934
694;832
419;866
2086;2634
1963;2702
2218;2801
2181;2443
1410;1620
414;555
219;1681
1620;1641
313;340
1432;2220
1472;1513
282;653
63;256
1575;2755
198;617
2000;2573
26;662
2541;2555
2316;2436
433;1132
993;1172
1936;2650
102;1892
484;521
322;444
1575;2593
256;850
1357;2096
2161;2745
2478;2819
1544;1766
2059;2480
350;481
1749;2959
2485;2550
2478;2930
514;564
1479;1906
83;279
2459;2932
1856;1914
173;378
2178;2836
66;714
435;515
1529;2383
370;1108
1849;1916
561;1925
1102;2872
233;2457
564;1095
579;1065
1283;2035
2520;2764
2138;2823
89;821
2297;2422
2162;2177
830;1158
1998;2917
520;1141
1829;2508
291;446
329;1783
205;284
829;1698
731;2088
1945;2056
231;712
848;2316
2131;2408
542;820
819;869
1588;2823
2715;2966
294;1809
2431;2442
725;1107
621;950
2330;2465
38;550
520;1045
4;1166
1464;2340
750;2241
1355;1377
2373;2645
2156;2411
2166;2812
1841;2522
1214;1700
2187;2425
1835;2180
2300;2634
668;2275
1273;1453
1726;2430
1335;1581
1915;2738
2277;2371
1402;1710
1012;1334
2284;2829
30;567
1560;1668
552;1075
347;593
206;1088
367;658
1996;2167
137;1843
248;1034
2532;2967
1858;2600
372;1195
694;1092
2697;2764
380;1041
175;489
136;723
2334;2366
2459;2723
1910;2718
1404;1579
2155;2675
1478;2570
1524;1568
2459;2896
1248;1614
448;867
982;992
1212;1553
1341;2428
430;806
1883;2544
330;474
577;587
744;1220
962;1159
1288;1690
2016;2225
2607;2746
1969;2125
1220;2497
450;949
370;449
2626;2791
2029;2095
1762;2415
315;689
1478;1816
1739;2380
497;851
2165;2965
2402;2409
2483;2608
85;700
30;87
1500;1955
1994;2962
396;869
1414;1874
1365;2944
534;566
2017;2939
172;915
762;1119
1625;2612
992;1156
609;992
1310;1682
1977;2156
829;1275
1573;1860
1335;1585
93;1812
2052;2352
2547;2968
411;1003
1391;2610
927;1315
306;1870
755;1925
1799;2183
901;1813
2061;2936
325;659
1641;1918
1470;2576
577;1005
368;2477
210;532
1301;2574
1925;1988
434;972
22;2555
774;938
1329;1441
504;888
415;500
71;406
2832;2940
1450;1699
1916;2822
286;611
345;1061
2425;2695
479;1110
9;1202
550;792
2575;2619
379;819
1286;1730
2827;2852
1925;2941
1980;2552
1897;2382
698;820
532;1304
2039;2551
374;1509
1320;1491
886;1088
1550;1661
1308;1400
2357;2862
1282;2611
1808;2801
823;893
220;726
1308;1519
1539;1609
174;1071
245;773
341;966
2211;2645
197;933
1177;2288
3;1017
1332;1656
363;803
1455;2598
1177;2145
1272;2081
468;558
216;575
19;28
1590;1678
1394;1799
2351;2955
430;1210
186;934
407;498
669;987
412;420
1880;2801
1832;2201
1980;2580
647;1129
2469;2654
1603;2383
1506;2365
69;529
1544;1739
714;794
1043;1796
473;844
77;133
2514;2800
1692;2799
1385;1419
2040;2786
1508;2338
8;916
1650;2849
2294;2563
471;1118
1918;2876
1851;2575
1868;2431
1224;2622
1453;2855
219;1054
1581;2590
1695;2046
193;2179
1995;2372
1433;1631
1302;1772
1711;2560
355;578
469;1151
628;708
240;525
352;439
1520;2666
1738;2609
696;1052
1456;2498
645;857
2101;2661
2123;2293
853;934
179;1079
1534;1575
2301;2341
1898;2274
771;911
2163;2364
901;1136
1760;2855
992;1681
2844;2850
1736;2920
776;1202
1303;2113
1565;2670
1490;1736
1330;2145
913;1039
505;874
2652;2687
1384;1590
2270;2769
559;842
2413;2694
1330;2288
1518;1569
1987;2246
2661;2714
1891;2513
34;946
2428;2557
437;439
1341;2444
1838;2075
138;884
1902;2021
1717;2052
1385;1579
1264;2484
193;2045
69;834
2065;2290
1858;2746
1855;2642
1848;2788
1868;2653
1064;1203
803;809
2457;2689
1566;2834
870;1267
869;2308
14;31
1716;2274
1258;2612
2317;2750
988;1049
2768;2915
977;1124
2309;2942
170;648
1424;1573
1670;1734
547;1034
1690;1692
2181;2454
2446;2496
137;1746
2242;2451
2518;2591
233;1977
104;2511
2569;2913
608;1179
1092;1929
169;321
2691;2720
1537;2788
899;1759
1226;2326
2852;2926
1861;2028
1576;1876
1994;2491
40;749
2175;2428
1266;2573
2584;2653
115;2449
64;613
1409;2217
174;494
2499;2949
1274;2895
1879;2046
739;1164
2254;2672
360;363
307;818
330;1167
419;594
1457;1782
46;429
1433;2356
2002;2152
1328;1811
1919;2218
1352;2468
569;746
1804;2644
530;2523
138;153
767;1132
165;518
710;1305
1223;2117
1215;2072
794;1072
260;372
102;553
2137;2481
1704;2231
1414;1798
642;648
1430;1745
26;969
1242;1829
122;1161
583;1355
609;820
1856;2689
2359;2772
2218;2661
834;979
1997;2360
1137;1534
94;395
595;1117
1385;1680
2295;2827
377;661
468;836
837;1117
2773;2899
1455;2477
180;211
2272;2322
2218;2951
1632;1902
941;1071
1281;1970
1479;1587
255;365
821;1946
619;1629
462;1117
1848;2526
507;628
2150;2588
2749;2751
1379;2804
925;1184
638;1125
2403;2578
1491;2263
849;910
93;799
923;2043
821;1120
2075;2546
1626;2569
2056;2910
2101;2314
107;473
76;1128
2397;2663
1911;2192
2048;2617
399;860
2596;2661
2750;2810
405;491
563;1527
305;2523
176;813
12;131
15;876
2634;2725
1471;2685
1403;2843
2417;2938
124;578
735;1122
2286;2367
258;654
940;950
1501;1575
3;750
735;2035
1701;1754
391;895
2315;2808
859;959
1913;2480
2853;2885
1996;2647
2110;2934
2611;2863
1640;2855
1961;2943
2250;2429
1857;2834
1496;1575
1383;1402
425;431
1380;1413
315;783
122;547
284;374
431;641
324;599
751;968
402;905
947;967
1552;1971
1915;1929
1318;2190
543;572
912;966
1956;2313
583;1327
476;925
1346;1899
2074;2313
562;826
83;1145
1604;1730
2399;2603
1698;2688
290;788
256;876
784;2938
2105;2479
2481;2838
1990;2874
718;939
2179;2924
244;566
1458;1806
231;280
2388;2750
1226;1669
2482;2582
292;499
1983;2149
1871;2716
1889;2682
1295;1411
241;1146
1985;2369
317;1009
395;843
1976;2172
2674;2755
623;2785
1893;2777
798;1759
2142;2341
322;984
2228;2767
1830;2298
594;2100
1736;1954
2756;2781
1075;1599
2107;2778
426;766
2808;2877
1334;2328
430;946
322;1099
767;847
2080;2530
1402;1502
226;1091
1743;1914
1091;1117
2039;2543
391;957
17;1124
2800;2892
2227;2719
2056;2742
2193;2475
2016;2509
1592;2329
1424;2299
2296;2530
682;737
1922;2513
541;1350
549;1055
1391;1784
167;1016
725;830
1555;1945
1155;1203
180;325
1488;1976
863;960
1236;1658
1095;1173
725;1275
1457;1466
1270;1826
1318;2395
1222;1484
1278;2136
1546;1630
1806;1808
265;419
1798;1888
40;538
825;2706
437;741
618;1078
851;939
1041;1071
1757;2823
97;749
151;776
1878;2519
1394;1766
105;862
164;405
6;1136
612;1899
1007;1086
1289;2787
328;1098
1488;2134
2267;2347
1520;2479
1816;2764
1331;2560
486;842
575;980
1481;2469
215;2477
1794;2057
645;678
206;484
1914;2685
1600;2092
2333;2390
337;1209
1622;2685
565;970
370;725
1986;2170
542;685
502;2046
1103;2656
596;1598
377;1280
1294;1615
1514;2593
50;914
1752;2741
1861;2557
1450;1558
1890;2591
1994;2406
1888;2029
438;452
2678;2889
2072;2527
23;698
2440;2870
0;1011
1056;1114
93;1175
1233;1750
1240;2882
1249;2055
2307;2800
574;1202
155;1024
2153;2720
438;1066
436;963
700;1040
1233;2737
1964;2567
479;815
1392;1460
2058;2496
151;2829
1253;1705
528;1040
2018;2963
1798;1981
1393;1770
2674;2739
2227;2292
62;896
717;769
1347;1634
1631;1941
386;1161
1213;2273
561;1309
942;1138
2064;2487
108;376
1426;1479
534;1380
1437;1645
1342;2803
2372;2898
2068;2158
1944;2687
1924;1981
2020;2418
525;1968
1448;2537
1395;1440
1622;2899
614;784
873;1178
1495;2321
2137;2866
2640;2727
1310;2818
1147;2732
127;2511
548;2073
1824;2967
726;765
1229;1470
568;651
1799;1826
19;725
2311;2356
2560;2803
1503;2072
1985;2313
5;891
2757;2879
2790;2953
1785;2724
1257;2269
160;2739
2285;2394
728;751
1372;1524
128;933
2132;2355
1843;2765
45;96
159;232
91;302
1536;2638
1419;2114
1488;2964
189;1141
775;914
1415;1753
930;1881
768;868
401;909
135;384
1241;1745
2269;2440
34;245
1086;1207
1214;1864
1309;2336
1619;1784
92;2127
668;884
119;538
2462;2733
1237;1445
82;664
1797;1880
1444;1584
310;904
1658;2352
1780;1824
1828;2122
510;1135
1714;2873
2002;2501
548;1143
2055;2917
875;1147
2310;2326
1402;1708
1514;1630
1728;1887
1970;2693
1971;2788
2501;2586
1962;2081
1239;2245
785;1677
2118;2138
789;1101
1716;2128
1127;1155
92;1000
532;637
1053;2433
593;633
4;370
1824;2208
1808;2661
1823;2626
1440;2385
1404;2178
1622;2408
1212;1997
5;1153
277;620
1500;2456
2010;2094
1334;1496
126;501
1144;1414
187;339
633;903
1833;2256
617;908
1470;2855
240;711
2072;2537
1253;1385
1379;2082
1672;1697
1895;2535
1510;2115
988;1570
2193;2220
470;704
2267;2810
752;1180
197;793
2276;2525
2238;2655
2053;2209
1763;1839
1547;1630
1717;2582
2718;2900
483;565
551;860
2153;2654
1878;2571
74;1334
663;946
1838;2422
95;1180
1512;2064
1970;2771
51;838
110;231
1008;1047
1984;2182
396;2308
237;800
196;630
79;1037
26;955
1257;2870
1299;1965
255;972
130;877
1728;2314
828;1088
522;919
725;748
33;162
2336;2454
699;1025
2152;2626
556;698
1731;2570
2763;2865
1626;1875
1930;2876
1569;1620
1280;2785
2340;2748
1610;2564
1932;2797
1661;2282
166;1940
320;336
252;1179
53;626
40;847
2142;2485
175;195
1217;1783
398;680
2219;2619
1228;2652
2228;2875
1553;1735
1895;2456
1892;2563
396;2342
2750;2835
2129;2907
2184;2862
1463;1701
1485;1945
2367;2798
1687;2129
2708;2730
858;875
1247;1527
417;615
129;427
771;772
1375;2218
902;1582
1895;1955
1000;1688
389;1189
2406;2667
432;1672
2131;2756
1636;2840
202;1193
629;794
1356;2599
410;598
1700;2481
2081;2244
1938;2426
2472;2631
1269;2118
1824;2812
958;962
137;316
1742;2118
1937;2883
1473;2791
2524;2857
2415;2767
266;363
531;733
1642;2381
2720;2962
690;2241
2293;2701
75;326
169;909
1803;2372
1680;2031
265;418
1809;2603
605;938
522;794
1499;2626
724;1188
1747;2771
1694;2465
0;544
795;879
791;1334
2031;2592
2582;2757
359;612
2043;2302
1250;1391
2686;2854
627;1117
78;1383
244;523
1299;1805
1575;1621
1759;2952
209;969
1910;2756
298;1109
122;1649
2262;2570
8;96
131;803
615;891
1556;2333
440;877
2;12
1730;2072
1983;2942
1425;1582
2528;2678
1409;1653
2245;2570
128;986
58;279
872;959
1211;2154
1481;1727
1568;1705
536;1654
2187;2706
25;247
1290;1439
2161;2441
1867;2303
128;248
1396;2017
1348;2343
422;1186
2212;2230
1580;1623
1426;1886
2036;2877
1998;2137
159;442
2022;2403
1375;1430
2187;2497
459;468
1013;1061
439;602
1526;1798
595;928
1494;1504
2047;2268
2372;2887
1368;2595
684;2302
42;1202
117;818
651;688
856;958
363;670
1371;2506
2249;2507
1990;2774
285;290
438;1055
2152;2714
2107;2461
662;2680
2484;2809
137;1812
263;844
1955;2186
1595;2163
1934;2476
962;1702
2018;2486
1000;2127
342;958
1825;2499
1554;2179
2693;2704
1321;1478
2251;2620
470;1166
1218;1774
566;841
2;428
1360;2158
644;2367
319;1151
1887;2218
2358;2659
930;1200
26;329
2726;2750
1249;1323
1754;1772
2248;2414
169;327
2693;2830
2042;2086
1942;2359
2286;2928
2323;2833
982;987
2318;2788
1316;1967
740;793
1705;2353
541;856
2559;2745
2151;2582
1647;2416
693;1165
365;972
2658;2965
2238;2769
386;482
2835;2913
1954;2791
1633;1752
1897;2427
735;1032
335;642
1177;2674
663;715
171;649
1993;2800
1723;1971
2240;2359
1176;1334
1979;2298
89;1713
1975;2641
149;291
635;650
1793;1798
288;1673
1253;2114
2166;2720
1782;2292
1971;2191
1720;1937
1373;2857
294;505
290;330
842;879
1231;1739
350;618
1968;2799
431;751
2813;2960
1245;1595
1569;2357
471;766
105;291
648;983
2153;2934
2096;2571
319;826
1798;1950
1330;2631
2336;2443
2265;2331
203;213
1103;2382
791;1176
2357;2776
235;580
877;909
90;321
2167;2737
1934;2329
386;606
918;1029
1358;1559
1818;2802
79;620
2031;2648
2018;2313
289;2042
1930;2171
1848;2191
373;1008
1212;1617
2658;2825
1594;2252
2420;2701
380;2732
253;1155
115;1149
908;940
31;559
2780;2837
17;213
18;678
2;291
2476;2814
1656;2540
1339;2856
1998;2696
2018;2266
1901;2870
1463;2003
374;2073
241;1116
2367;2916
2019;2359
78;1657
367;937
2198;2447
764;1128
1687;2016
51;581
205;586
1072;1191
1434;1554
2356;2426
1511;1568
399;862
880;936
953;1100
684;760
2393;2467
2444;2921
2367;2487
521;941
2545;2856
2910;2939
712;832
1531;2636
1541;1549
2348;2776
937;1085
867;912
1959;2667
1421;2155
180;589
1397;1780
53;1429
1030;1437
1998;2150
1610;2415
1334;1575
92;756
2284;2728
1258;1797
141;1271
12;705
1477;2085
1577;2191
1712;1918
630;1007
246;996
1763;2729
1409;2502
190;1648
794;1042
866;1053
1767;2069
156;267
687;1049
639;964
742;2204
257;1143
1461;1602
422;450
2494;2708
2212;2432
574;2284
2214;2440
1349;1929
333;622
1461;2748
281;947
1241;1296
1463;1474
204;1030
1260;2943
438;572
256;767
1986;2757
1444;2625
485;772
747;1201
1245;1362
1270;2831
1803;2198
2122;2750
1293;2044
930;1046
252;608
19;449
1661;2011
1578;2245
1992;2860
360;705
1880;2469
240;951
2474;2805
351;909
121;1940
508;1004
571;758
1656;2568
1286;2781
2419;2923
779;1193
1553;2083
1926;2734
2838;2943
1692;1982
1399;1654
1017;2511
620;895
2701;2718
2334;2905
1279;1825
1028;1673
2450;2553
1384;1400
1717;2903
1506;2103
2480;2665
2250;2267
1274;2809
84;563
177;503
1904;2510
1478;2097
938;1054
1366;1462
2026;2504
292;663
2019;2940
1720;1899
1438;2002
12;534
620;707
470;830
253;422
2314;2654
1951;2888
354;735
375;887
362;1202
214;307
920;950
794;915
2432;2492
319;924
1319;2147
1814;1815
1029;1489
1731;2763
2346;2514
1461;2558
1990;2392
1527;1689
1606;2239
1962;2244
1511;2764
2464;2808
613;858
1996;2091
428;810
323;1540
414;749
1789;2684
665;817
1356;2393
826;1032
200;936
1260;1961
230;912
544;2785
1920;2166
722;860
2398;2486
1398;2071
2170;2721
668;1770
65;367
1551;2926
1868;2722
1247;1703
2616;2854
202;403
128;1106
233;937
317;930
1817;2561
1511;1674
1247;1588
2079;2499
109;671
38;1168
1470;2925
2204;2264
1054;1132
2056;2840
1817;2738
171;922
1738;2733
1905;2132
2136;2730
879;1181
519;624
278;934
2084;2613
529;804
1796;1888
450;1127
326;978
1820;2058
569;896
1478;2178
1033;1073
1568;2114
1408;2327
629;1021
1308;1320
2080;2378
2243;2310
2561;2749
1290;2134
71;1096
100;380
376;1020
1959;2360
229;2316
1786;1852
182;2194
1869;2195
1873;2256
2498;2939
655;924
364;1268
95;584
1647;1726
376;730
1350;2964
127;1111
1254;1804
477;1060
102;1199
88;553
682;775
1531;1610
2443;2593
1559;1754
425;435
1566;1877
1245;1385
795;842
1913;2587
247;833
2030;2882
622;887
181;627
1212;1221
1255;1845
2319;2905
1016;1126
949;1186
1865;2665
256;1201
465;781
688;1016
106;521
1258;2626
52;631
2257;2419
1864;2850
295;961
1942;2373
2560;2630
1793;1888
1600;1868
130;440
1286;2725
2658;2736
1991;2912
103;1697
972;1082
488;1116
125;2460
777;1084
171;861
1943;2010
289;1418
1777;2221
1344;2444
2039;2495
1226;2404
513;2295
1661;2207
2221;2800
521;944
797;963
1387;2031
357;860
1804;1813
1467;2715
2164;2626
1670;2815
525;677
1250;2296
4;1108
119;615
411;1366
51;1023
1081;1150
1931;2174
1570;2322
625;1034
497;939
63;876
890;1182
1990;2167
87;122
2156;2768
721;996
2090;2274
1401;1546
480;566
1996;2735
582;715
52;322
2776;2787
418;838
1731;2802
870;1622
1280;1698
1833;2433
1609;2011
2638;2777
2547;2658
656;887
2190;2395
734;924
1470;1642
1223;1608
1331;1470
2835;2851
1316;1322
1364;1378
1268;2367
122;778
2048;2514
1459;1614
661;748
153;745
1664;1813
714;906
1467;1964
2375;2789
1515;1588
1520;2458
2499;2512
636;2183
1398;2143
1217;1782
1010;1031
698;1093
1312;1502
779;984
2420;2432
236;997
1359;1773
495;546
1743;2431
126;330
1605;2426
100;1117
2060;2676
180;1209
1212;1692
694;2194
2630;2733
2228;2405
492;1334
1213;2086
1287;1379
1942;2221
1301;2075
472;1510
504;2288
1771;2365
1291;2113
976;1402
317;2682
1408;1857
1600;2616
496;1055
281;453
513;2926
305;511
401;1068
7;808
2460;2489
1292;1703
947;2798
2654;2934
398;858
158;319
1345;1616
2546;2711
466;1088
2483;2770
604;906
2108;2325
799;1175
1629;1720
198;538
182;1475
434;1063
332;468
1468;2814
65;247
1266;2341
2355;2405
278;2345
2439;2853
1837;2184
812;989
230;794
268;515
1594;2447
2114;2329
623;2233
2497;2695
268;658
1594;2174
347;1163
810;2593
2008;2284
823;1132
1926;2129
2015;2475
321;824
31;637
105;897
1823;2788
1906;2484
2359;2645
597;996
2155;2799
2245;2262
1892;2141
778;1169
2018;2303
2110;2152
1965;2856
672;739
1448;1872
1852;1862
1749;2030
278;923
836;913
997;1229
2630;2686
343;739
184;940
1886;2776
2519;2834
948;1178
655;1208
1503;1604
2472;2859
119;777
48;150
819;899
896;1813
58;83
2685;2948
1711;2625
1241;1694
1597;2685
876;1051
34;200
592;610
1339;1805
1362;2470
2267;2724
1384;1711
516;903
169;1140
600;1052
1884;1930
2572;2843
1251;1311
11;561
738;898
1542;2223
1282;2897
1423;2939
1214;1632
36;1907
1433;2067
1573;1683
2672;2729
655;838
1293;2567
1805;2856
2821;2882
1453;1557
302;689
1498;2778
2193;2838
2038;2274
1269;1394
1788;2502
293;483
2070;2260
2252;2767
1863;1900
291;670
421;2771
1876;2556
134;876
230;913
515;655
113;457
1759;2149
435;571
1334;1380
793;1534
638;2328
2031;2929
816;1137
1563;2231
1967;2265
995;1505
1783;2376
1788;2227
417;807
328;454
366;1334
2546;2856
24;2563
701;795
2212;2812
948;1112
2081;2746
2279;2619
365;998
364;2367
1460;2465
1273;1470
452;1022
235;262
578;1116
85;662
227;874
1610;1651
1870;2029
380;648
296;529
525;640
658;1207
586;958
2022;2055
2701;2915
1385;2114
1509;1676
2800;2810
733;942
351;1128
164;1663
1510;2554
1891;2372
596;1166
1804;2469
1243;2741
1647;2947
1803;2405
1581;1637
132;560
2193;2742
714;1088
587;978
1906;2014
1830;2291
558;1201
2436;2470
2237;2915
1807;2912
199;409
347;426
483;967
1560;2134
2174;2298
2591;2836
992;1088
1607;2624
1361;2429
2103;2530
1552;1577
656;1179
604;737
2167;2735
1788;2171
2051;2087
2292;2961
1101;2732
2188;2292
656;1066
363;446
2137;2397
2185;2722
1638;1729
1129;2723
80;476
338;752
1895;2165
1708;1771
2953;2969
87;1052
2372;2711
664;1071
1806;2075
1789;2913
1770;1787
821;1511
1352;2564
2078;2459
1455;1880
1256;1676
128;1087
2180;2530
1874;2568
441;1064
1511;1705
123;922
1854;2473
1893;2701
659;1154
1614;1877
1886;2014
2020;2543
2436;2592
101;612
1354;2494
2359;2800
28;830
1658;1980
594;2555
596;1629
99;1183
2402;2701
563;1292
174;387
2578;2696
219;790
1217;2847
2252;2447
1635;2785
2626;2788
2275;2751
2917;2932
61;1208
426;471
887;1048
2426;2521
1270;1463
2143;2884
246;879
968;1197
1782;2250
1884;2349
1427;1651
2012;2379
1897;2229
2646;2799
462;634
302;783
466;649
1317;1436
1365;2904
207;918
500;1368
360;811
2557;2812
951;1315
1436;1921
1947;2814
545;982
302;745
1440;1704
605;912
161;319
1897;2656
722;1100
1371;2649
2409;2615
493;1511
2164;2351
557;842
1833;2841
2086;2574
1460;2937
161;537
1252;1619
210;621
1405;2499
45;322
646;798
1502;1639
263;271
1900;2345
1393;2684
185;1078
1115;2258
1694;2856
438;549
1626;2658
1263;2157
846;1146
1756;1805
1241;2920
1124;1355
1596;2301
1404;1687
801;804
1981;2029
1785;2772
1929;2194
1585;2800
2033;2761
13;321
1177;1330
79;192
2563;2667
1481;2908
2394;2594
1873;2754
698;938
2237;2768
75;2637
1493;2325
1595;2869
2173;2878
399;638
1800;2303
294;1108
1300;2534
141;1043
696;1334
1250;2205
2702;2722
1985;2902
391;891
655;734
363;1052
254;939
1419;2369
1452;1744
323;2490
506;1004
1446;1691
2415;2740
1460;1704
1573;1645
656;950
454;663
572;1070
1129;2367
153;1160
1486;2178
403;851
178;1081
808;876
1772;2746
2685;2804
630;655
2339;2482
363;600
348;1196
293;381
1346;1644
573;1265
1558;2840
1912;2020
2107;2503
1875;2348
1569;1641
562;905
209;695
561;1370
467;567
51;180
31;1162
2292;2936
100;943
80;100
1878;2313
753;899
203;430
2292;2338
2020;2357
103;2077
2633;2801
1444;2224
1356;1636
359;432
1223;2463
1324;1482
95;394
205;1142
1867;2696
383;399
1397;2633
2327;2624
802;1147
1951;2401
2027;2055
2402;2899
1698;2233
1869;2776
10;618
2746;2883
2360;2843
432;456
1115;2637
2810;2847
78;1909
1258;1443
2360;2698
33;948
472;1108
1950;2746
291;492
1403;2875
1619;2022
2136;2158
1788;2039
178;285
1046;2419
2282;2747
1216;1642
1964;2874
1030;2344
852;1101
2022;2283
1605;1938
1826;2754
921;1863
120;376
1860;2145
2349;2485
501;922
1556;1654
245;768
428;480
15;256
2492;2499
387;571
424;787
243;483
1253;1568
2870;2919
586;1123
2145;2649
846;933
218;330
655;833
1467;1579
2612;2930
438;1078
2615;2951
206;1042
226;852
1440;1744
226;849
1226;1249
2612;2788
775;1058
944;1354
584;929
1385;1705
118;200
1246;2494
123;290
508;1068
124;488
1038;2544
1980;2935
1477;2830
623;742
2532;2969
2033;2715
2110;2505
1374;2477
312;1117
1679;1748
668;2729
2045;2421
2023;2193
2201;2391
134;1193
1356;1902
1932;2215
2510;2736
274;2768
267;2241
542;1093
379;869
285;1188
1886;1906
1344;1693
1321;2106
461;887
1328;1643
2075;2125
291;392
2728;2929
202;914
2686;2733
1262;2960
1299;1448
516;1066
2234;2650
1348;1595
2061;2779
1538;2583
461;903
1785;2036
1864;2097
406;1089
533;2035
1732;1857
246;768
1992;2030
235;1041
216;1127
1365;2657
2140;2338
324;757
93;1028
2093;2523
864;898
1818;2265
1010;2688
586;1159
2672;2787
2156;2444
1713;1790
2108;2415
794;868
1741;2088
898;966
1071;1209
2484;2645
172;743
1531;1612
678;857
1369;1659
1926;2413
1837;2238
38;75
1594;1931
2467;2687
29;396
2549;2955
256;808
685;1813
456;1017
266;1509
1228;2945
1498;2112
1359;2037
1290;1560
566;1195
452;543
680;826
1928;2510
742;1180
19;1029
218;776
460;893
1935;2106
1674;1732
958;1123
1438;2801
1777;2211
1736;2652
1237;2801
1484;2423
232;2011
490;2046
2010;2843
1408;2374
1594;1829
136;1224
390;2637
2010;2954
1299;1367
2403;2404
2533;2750
2122;2500
541;1256
1516;2479
330;1081
2501;2957
2108;2767
867;966
2534;2842
939;1036
1440;2626
2149;2942
2076;2596
2415;2594
714;1042
1821;2274
492;740
1906;2347
